url,title,WKT,longitude,latitude
http://community-exchange.org/,Cape Town Talent Exchange,"Cape Town, Western Cape, South Africa",18.4289,-33.9351
http://community-exchange.org/,Johannesburg Talent Exchange,"Johannesburg, Gauteng, South Africa",28.0328,-26.1633
http://community-exchange.org/,Pretoria Talent Exchange,"Pretoria, Gauteng, South Africa",28.154,-25.7484
http://community-exchange.org/,Oude Molen Talent Exchange,"Cape Town, Western Cape, South Africa",18.4289,-33.9351
http://community-exchange.org/,Demonstration Community Exchange,South Africa,23.913711,-28.378272
http://community-exchange.org/,Port Elizabeth Community Exchange,"Port Elizabeth, Eastern Cape, South Africa",25.613358,-33.952511
http://community-exchange.org/,Garden Route Talent Exchange,"George, Western Cape, South Africa",22.4617,-33.963
http://community-exchange.org/,McGregor Talent Exchange,"McGregor, Western Cape, South Africa",19.8291,-33.9472
http://community-exchange.org/,Helderberg Talent Exchange,"Somerset West, Western Cape, South Africa",18.85,-34.0833
http://community-exchange.org/,Stellenbosch Talent Exchange,"Stellenbosch, Western Cape, South Africa",18.8668,-33.9346
http://community-exchange.org/,East London Community Exchange,"East London, Eastern Cape, South Africa",27.904,-33.0154
http://community-exchange.org/,Twee Riviere Talent Exchange,"Twee Riviere, Eastern Cape, South Africa",26.642211,-32.145157
http://community-exchange.org/,Durban Talent Exchange,"Durban, KwaZulu-Natal, South Africa",31.0292,-29.8579
http://community-exchange.org/,Pietermaritzburg Talent Exchange,"Pietermaritzburg, KwaZulu-Natal, South Africa",30.3894,-29.6169
http://community-exchange.org/,Golden Bay HANDS,"Takaka, New Zealand",172.809,-40.8561
http://community-exchange.org/,Timaru Alternative Trading System Inc.,"Timaru, New Zealand",171.25,-44.4
http://community-exchange.org/,Taranaki Sustainable Communities Trust,"Taranaki, New Zealand",174.152541,-39.418699
http://community-exchange.org/,West Coast Employment Swap & Trade,"Kumara, New Zealand",171.1869,-42.6299
http://community-exchange.org/,River Exchange & Barter System,"Wanganui, New Zealand",175.05,-39.93333
http://community-exchange.org/,Wairarapa Green Dollar Exchange Inc,"Wairarapa, Wellington, New Zealand",174.77722,-41.28889
http://community-exchange.org/,Wairau Inter-Trading Green System Inc,"Blenheim, New Zealand",173.93759,-41.56761
http://community-exchange.org/,Thames Green Dollar Exchange,"Thames, New Zealand",175.5444,-37.1366
http://community-exchange.org/,Nighthawk Exchange in Louisville Colorado USA,"Louisville, CO, Colorado, United States",-105.1319,39.9778
http://community-exchange.org/,Invercargill Barter & Exchange Systems,"Invercargill, New Zealand",168.26667,-46.41667
http://community-exchange.org/,Wellington Independent Trading System,"Wellington, New Zealand",174.77722,-41.28889
http://community-exchange.org/,Wanaka Exchange & Barter System,"Wanaka, Otago, New Zealand",169.1363,-44.6974
http://community-exchange.org/,NZ Community Exchange,"New Zealand, New Zealand, New Zealand",171.7799,-41.838875
http://community-exchange.org/,Community Mutual Credit System [CMCS],"Vienna, South Dakota, United States",-97.5015,44.703
http://community-exchange.org/,Waldo County Community Exchange,"Belfast, Maine, United States",-69.0064,44.4259
http://community-exchange.org/,Murihiku Alternative Trading & Exchange System,"Murihiku, New Zealand",171.7799,-41.838875
http://community-exchange.org/,Local Exchange Trading System Winnipeg,"Winnipeg, Manitoba, Canada",-97.1667,49.8833
http://community-exchange.org/,Sistema de intercambio Chobita,Argentina,-63.998128,-35.376184
http://community-exchange.org/,PANSA BrainBank,"Cape Town, Western Cape, South Africa",18.4289,-33.9351
http://community-exchange.org/,Greyton Community Exchange,"Cape Town, Western Cape, South Africa",18.4289,-33.9351
http://community-exchange.org/,Prince Edward County Community Exchange,"Picton, Ontario, Canada",-77.2301,43.9864
http://community-exchange.org/,Vanuatu TredVatu,Vanuatu,167.718149,-16.255052
http://community-exchange.org/,Ranon Ambrym North and West Communities,"Malampa, Vanuatu",167.472216,-16.240459
http://community-exchange.org/,Navsagh & Lamap Exchange,Vanuatu,167.718149,-16.255052
http://community-exchange.org/,Saint Louis Community Exchange,"St. Louis, Missouri, United States",-90.19,38.63
http://community-exchange.org/,"Goshen, IN Exchange","New Paris, Indiana, United States",-85.828,41.5003
http://community-exchange.org/,Whangaroa Economic Resources Community System,"Kaeo, New Zealand",173.7751,-35.1017
http://community-exchange.org/,Saot West Bay Ninde Tribe,Vanuatu,167.718149,-16.255052
http://community-exchange.org/,Jharkhand Community Exchange,"Ranchi, Jharkhand, India",85.33472,23.35556
http://community-exchange.org/,Global Groups Exchange,"International, Everywhere, International",-122.3241,47.5982
http://community-exchange.org/,Edmonton & Area Service Exchange,"Edmonton, Alberta, Canada",-113.5065,53.5344
http://community-exchange.org/,Providence Communty Exchange,"Providence, Rhode Island, United States",-71.4128,41.824
http://community-exchange.org/,Hawkes Bay Community Exchange,"Hawkes Bay, New Zealand",176.809596,-39.549584
http://community-exchange.org/,New Totnes LETS,"Totnes, Devon, United Kingdom",-3.687,50.4323
http://community-exchange.org/,Sistema de Intercambio Comunitario de Rota,"Rota, Cรกdiz, Spain",-6.35996,36.62286
http://community-exchange.org/,Saiom.com,India,-86.173619,39.690617
http://community-exchange.org/,SpyCat Community Exchange,"New York, New York, United States",-80.790629,28.545741
http://community-exchange.org/,Equamedios Milano IT CES,"Cologno Monzese, Milano, Italy",9.27827,45.52861
http://community-exchange.org/,Watauga County Community Exchange,"Boone, North Carolina, United States",-81.6746,36.2168
http://community-exchange.org/,Perfecti,"Calvia, Mallorca, Spain",2.550586,39.528024
http://community-exchange.org/,So. RI Rainbow Trading Post,"Narragansett, Rhode Island, United States",-71.4495,41.4501
http://community-exchange.org/,South-West Community Exchange Trading,"Bridgetown, Western Australia, Australia",116.1368,-33.9578
http://community-exchange.org/,Yahola Tribal Exchange Bank,"Monticello, Florida, United States",-83.8702,30.5452
http://community-exchange.org/,Stanford Community Exchange,"Stanford, Western Cape, South Africa",19.453137,-34.450077
http://community-exchange.org/,Syndicated Creative Arts Pursuits Exchange,"Pudong, Shanghai, China",121.53972,31.22306
http://community-exchange.org/,Warkworth/Wellsford Green Dollars Exchange,"Warkworth, North Island, New Zealand",174.6642,-36.3985
http://community-exchange.org/,Gangkyi Community Exchange,"Dharamsala, Himachal Pradesh, India",76.32,32.22
http://community-exchange.org/,ICareNOW Exchange,"California, California, United States",-117.34,34.13
http://community-exchange.org/,Yippee Skippy Free Exchange of Pioneer Valley,"Pioneer Valley, Massachusetts, United States",-72.499602,42.372668
http://community-exchange.org/,Namaqualand Talent Exchange,"Bitterfontein, Western Cape, South Africa",18.260612,-31.033661
http://community-exchange.org/,Windhoek Community Exchange,"Windhoek, Khomas, Namibia",17.072984,-22.560084
http://community-exchange.org/,Leelanau Exchange,"Suttons Bay, Michigan, United States",-85.6506,44.9767
http://community-exchange.org/,Surfcoast Local Energy Trading System,"Torquay, Victoria, Australia",144.3264,-38.3308
http://community-exchange.org/,Perfecti Forest of Dean,"Cinderford, Gloucestershire, United Kingdom",-2.4985,51.8245
http://community-exchange.org/,Global Resource Bank,"Hollywood, Florida, United States",-80.1495,26.0112
http://community-exchange.org/,Marysville/Everett Area Childcare Exchange,"Everett, Washington, United States",-122.2014,47.9673
http://community-exchange.org/,Waru Waru Exchange,"Malampa, Vanuatu",167.472216,-16.240459
http://community-exchange.org/,Childside School Community Exchange,Australia,134.489563,-25.734968
http://community-exchange.org/,Ann Arbor Small Business & Community Exchange,"Ann Arbor, Michigan, United States",-83.7312,42.2682
http://community-exchange.org/,Puget Sound Community Exchange,"Puget Sound, Washington, United States",-122.336,47.6087
http://community-exchange.org/,The Commonwealth Reserve Exchange,"Kansas, United States",-98.327818,38.642763
http://community-exchange.org/,Southeastern Alliance for Community Change: Community Exchange System,"Wilmington, North Carolina, United States",-77.9447,34.2257
http://community-exchange.org/,LETS Ibiza,"Ibiza, Ibiza, Spain",1.4327777778,38.9088888889
http://community-exchange.org/,Launceston TAS Community Exchange,"Launceston, Tasmania, Australia",147.1373,-41.4341
http://community-exchange.org/,Metro-Atlanta Community Currency Initiative,"Atlanta, Georgia, United States",-84.3902,33.7491
http://community-exchange.org/,Curitiba Community Exchange,"Curitiba, Paranรก, Brazil",-49.2712,-25.4296
http://community-exchange.org/,Circle of Gifts Exchange,"Stockholm, Sweden",18.06861,59.32944
http://community-exchange.org/,Community Xchange Network of Cascadia,"Boise, Portland, Seattle, Vancouver, B.C., Oregon, United States",-122.6742,45.5202
http://community-exchange.org/,Vegan Global Community Exchange,"Global, Queensland, Australia",142.582817,-19.280189
http://community-exchange.org/,Dar krogi izmenjav Slovenije,"Ljubljana, Slovenia, Slovenia ",14.584565,46.058145
http://community-exchange.org/,Annapolis Barter,"Annapolis County, Nova Scotia, Nova Scotia, Canada",-63.57586111,44.65302778
http://community-exchange.org/,Waltham Forest LETS,"London, London, United Kingdom",-0.1275,51.5072222222
http://community-exchange.org/,Queenstown Wakatipu Exchange Network,"Arrowtown, Otago, New Zealand",168.8351,-44.9406
http://community-exchange.org/,Upper Hutt Green Dollars,"Wellington, North Island, New Zealand",174.77722,-41.28889
http://community-exchange.org/,Matopos CC,"Bulawayo, Matabeleland, Zimbabwe",28.545933,-20.137401
http://community-exchange.org/,Ipswich Community Exchange System,"Ipswich, Queensland, Australia",152.7595,-27.6235
http://community-exchange.org/,North Warrandyte RakeLETS,"North Warrandyte, Victoria, Australia",145.2155,-37.7259
http://community-exchange.org/,Bass Coast Community Exchange,"Wonthaggi, Victoria, Australia",145.5913,-38.6044
http://community-exchange.org/,Ngoda Community Exchange,"Harare, Harare, Zimbabwe",31.054679,-17.825756
http://community-exchange.org/,Eastern Washington Community Exchange,"Colville, Washington, United States",-117.9055,48.5466
http://community-exchange.org/,Nelson Complementary Currency,"Nelson, Nelson, New Zealand",173.2837,-41.2711
http://community-exchange.org/,Selfless Exchange,"Cape Town, Western Cape, South Africa",18.4289,-33.9351
http://community-exchange.org/,Stadin Aikapankki,"Helsinki, Finland",24.94861,60.17333
http://community-exchange.org/,EBB Romania,"Curtea de Arges, Romania",24.66667,45.11667
http://community-exchange.org/,Miami Community Exchange,"Miami, Florida, United States",-80.1937,25.7743
http://community-exchange.org/,Unity Currency,"Savannah, Georgia, United States",-81.0998,32.0835
http://community-exchange.org/,Canberra Rural LETS Exchange,"Canberra, New South Wales, Australia",149.1091666667,-35.2788888889
http://community-exchange.org/,Columbia Community Exchange,"Saint Helens, Oregon, United States",-122.8065,45.864
http://community-exchange.org/,Heidelberg (WC) Community Exchange,"Heidelberg, Western Cape, South Africa",20.935646,-34.080476
http://community-exchange.org/,EcoXarxa del Garraf,"Garraf, Catalunya, Spain",1.9025083333,41.2544694444
http://community-exchange.org/,Oaks Area Community Exchange,"Tahlequah, Oklahoma, United States",-94.97,35.9154
http://community-exchange.org/,Sevier/Cocke County Digital Exchange,"Cosby, Tennessee, United States",-83.2468,35.8173
http://community-exchange.org/,Ecoxarxa del Montseny,"Montseny, Granollers, Bcn, Catalunya, Spain",2.28889,41.60833
http://community-exchange.org/,Woman Power East Rand,"Kempton Park, Gauteng, South Africa",28.2377,-26.1086
http://community-exchange.org/,Bellingen Local Energy Sustainability System,"Bellingen, New South Wales, Australia",152.8971,-30.451
http://community-exchange.org/,Communidad Trueke Permacultura Chile,"Chile, Biobio, Chile",-72.4663972,-36.7462544
http://community-exchange.org/,Sofia Community Exchange Network,"Sofia, Bulgaria",23.33333,42.7
http://community-exchange.org/,Acords Musicals d'Intercanvi,"Reus, Tarragona, Spain",1.10833,41.15556
http://community-exchange.org/,Bathurst LETS,"Bathurst, New South Wales, Australia",149.5786,-33.4181
http://community-exchange.org/,Ecoxarxa de Barcelona,"Barcelona, Catalunya, Spain",2.127909,41.378601
http://community-exchange.org/,Digital Arts Community Exchange,"The World, Tennessee, United States",-86.317786,35.832308
http://community-exchange.org/,Pegasus Exchange,"Christchurch, Canterbury, New Zealand",172.597863,-43.530114
http://community-exchange.org/,Ecoxarxa d'Osona,"Osona, Catalunya, Spain",2.127909,41.378601
http://community-exchange.org/,North London Local Exchange and Trading Scheme,"London - North of the River Thames, London, United Kingdom",-0.092703,51.514456
http://community-exchange.org/,Beacon Bank Community Exchange,"Earth, Staffordshire, United Kingdom",-2.004677,52.821606
http://community-exchange.org/,St. Maarten Island Exchange,Sint Maarten,-63.063699,17.99822
http://community-exchange.org/,Cloud Community Exchange,"Menlo Park, California, United States",-122.1822,37.4538
http://community-exchange.org/,Nucli Autรฒnom Pรบblic del Camp,"Camp de Tarragona, Catalunya, Spain",1.274064,41.192181
http://community-exchange.org/,QuipShare Community Exchange,"NSW Far South Coast, New South Wales, Australia",148.989574,-28.977791
http://community-exchange.org/,Eco Rรฉseau du Roannais,"Roanne, Loire, France",4.06806,46.03611
http://community-exchange.org/,Vaihtopiiri Karelia,"Lappeenranta, Etela-Karjala, Finland",28.18611,61.05833
http://community-exchange.org/,Barter Max Opportunity Network,"Central Florida - Orlando, Florida, United States",-81.447348,28.468735
http://community-exchange.org/,Jyvรคskylรคn vaihtopiiri,"Jyvรคskylรค, Keski-Suomi, Finland",25.505778,62.531015
http://community-exchange.org/,ecuaCanjes,"Guayaquil, Guayas, Ecuador",-79.88333,-2.18333
http://community-exchange.org/,Mana Tree Fund Aotearoa,"Auckland, New Zealand, New Zealand",174.901256,-36.957413
http://community-exchange.org/,Montreal Community Exchange Network,"Montreal, Quebec, Canada",-73.554,45.5088
http://community-exchange.org/,Bloomington Community Exchange,"Bloomington, Indiana, United States",-86.5343,39.167
http://community-exchange.org/,Shared Services SMA,"San Miguel de Allende, Guanajuato, Mexico",-100.74389,20.91528
http://community-exchange.org/,Ciudad de Mexico,"Mexico City, Distrito Federal, Mexico",-99.17,19.41
http://community-exchange.org/,Befriender Tender Twin Cities,"Minneapolis, Minnesota, United States",-93.2655,44.9773
http://community-exchange.org/,LETSlink UK,"UK, London, United Kingdom",-0.419778,51.886166
http://community-exchange.org/,Prudence Community Exchange,"Balfour, Mpumalanga, South Africa",28.5902,-26.6633
http://community-exchange.org/,The Cadillac Commons Credit,"Cadillac, Michigan, United States",-85.4012,44.252
http://community-exchange.org/,Magnet Exchange Currency Arizona,"Chandler, Arizona, United States",-111.8408,33.3067
http://community-exchange.org/,Pinilla de Molina Comunidad Truequense,"Pinilla de Molina, Espaรฑa, Spain",-1.88022,40.68001
http://community-exchange.org/,Vecinatatea,"Sighisoara, Mures, Romania",24.79111,46.21694
http://community-exchange.org/,Maranoa Community Exchange,"Roma, Queensland, Australia",148.7875,-26.5674
http://community-exchange.org/,Time Bank of Hawaii,"Hawaii, Hawaii, United States",-154.965778,19.4135
http://community-exchange.org/,Catch~22 Community Exchange,"Coventry, Rhode Island, United States",-71.58,41.68
http://community-exchange.org/,New World Community Exchange,"Mission Viejo, California, United States",-117.6594,33.5966
http://community-exchange.org/,Montco New Community Exchange,"King of Prussia, Montgomery County, Pennsylvania, United States",-75.396,40.0893
http://community-exchange.org/,San Diego Time Bankers,"San Diego, California, United States",-117.1628,32.7174
http://community-exchange.org/,Baltic State Community Exchange,"Vilnius, EU, Lithuania",25.28333,54.68333
http://community-exchange.org/,Las Vegas NV,"Las Vegas, Nevada, United States",-115.1492,36.1663
http://community-exchange.org/,Kids In Community Service,"Hawaii, Hawaii, United States",-154.965778,19.4135
http://community-exchange.org/,West Chester/Liberty/Monroe Community Exchange,"West Chester, Ohio, United States",-84.4083,39.3303
http://community-exchange.org/,LETS in Port Phillip,"City of Port Phillip, Victoria, Australia",144.889271,-38.371603
http://community-exchange.org/,Home Earners Freedom Exchange,"Wichita, Kansas, United States",-97.3375,37.6922
http://community-exchange.org/,Iredell-LETS Barter and Trade,"Statesville, North Carolina, United States",-80.8873,35.7826
http://community-exchange.org/,Kudos Organisation of Hamilton Aotearoa,"Hamilton, North Island, New Zealand",175.298,-37.797
http://community-exchange.org/,Zed Barter & Business Trade Exchange,"Lusaka, Lusaka, Zambia ",28.282,-15.419
http://community-exchange.org/,Karoo Heartland Community Exchange,"Nieu Bethesda, Eastern Cape, South Africa",24.555,-31.867
http://community-exchange.org/,Karlstad bytesring - den alternativa ekonomin,"Karlstad, Vรคrmland, Sweden",13.53333,59.38333
http://community-exchange.org/,Orange Community Exchange,"Orange, New South Wales, Australia",149.0972,-33.282
http://community-exchange.org/,Ecoxarxa de Lleida,"Lleida, Catalunya, Spain",2.127909,41.378601
http://community-exchange.org/,North by North West London,"London, London, United Kingdom",-0.1275,51.5072222222
http://community-exchange.org/,Lowveld Community Exchange System,"Nelspruit, Mpumalanga SA, South Africa",30.96,-25.47
http://community-exchange.org/,Sydspetsens Tidsbank/Etelรคkรคrjen Aikapankki,"Raseborg & Hangรถ / Raasepori & Hanko, Finland, Finland",23.6511111111,59.9916666667
http://community-exchange.org/,Toronto Exchange,"Toronto, Ontario, Canada",-79.3849,43.6529
http://community-exchange.org/,Utah Co Op,"Murray, Utah, United States",-111.8884,40.6668
http://community-exchange.org/,Tulikiven aikapankki,"Maata etsimรคssรค, Suomi, Finland",22.372838,60.28655
http://community-exchange.org/,SANARTE MARCIAL,"Cali, Valle del Cauca, Colombia ",-76.51972,3.44
http://community-exchange.org/,Utah County Community Exchange,"Provo, Utah County, Utah, United States",-111.64,40.2637
http://community-exchange.org/,La Mandrรกgora Comunidad de Intercambio,"Valencia, Valencia, Spain",-0.739992,39.334334
http://community-exchange.org/,SANARTE MARCIAL,"Guadalajara de Buga, Valle del Cauca, Colombia ",-76.29861,3.90361
http://community-exchange.org/,Pasto Nariรฑo Intercambio Libre,"San Juan de Pasto, Narino, Colombia ",-77.27472,1.21
http://community-exchange.org/,Ipiales Nariรฑo Intercambio Comunitario,"Ipiales, Narino, Colombia ",-77.65,0.83
http://community-exchange.org/,Tampa Bayโs Broker Bucks | Commerce Exchange Network,"(Metro) Tampa - St. Petersburg - Clearwater, Florida, United States",-82.4584,27.9478
http://community-exchange.org/,Kouvolan AikaPankki,"Kouvola, Kouvola, Finland",26.70417,60.86806
http://community-exchange.org/,To be set,"Japan, Japan, Japan ",139.735405,35.671534
http://community-exchange.org/,รs Byttering,"Aas, Akershus, Norway ",11.320058,60.042413
http://community-exchange.org/,Turun Aikapankki,"Turku, Finland, Finland",22.27,60.45167
http://community-exchange.org/,Oulun Aikapankki,"Oulu, Finland",25.46667,65.01667
http://community-exchange.org/,Mount Tamborine,"Mt.Tamborine, Queensland, Australia",142.582817,-19.280189
http://community-exchange.org/,Permis Internacional,"Internacional, International",-122.3241,47.5982
http://community-exchange.org/,Bet Bet Community Exchange,"Bet Bet, Victoria, Australia",143.7573,-36.9239
http://community-exchange.org/,San Francisco Sustainably Abundant Community Exchange,"San Francisco, California, United States",-122.463,37.7648
http://community-exchange.org/,Op Shop Time Bank,"Hyde Park, Chicago, Illinois, United States",-87.5939,41.7944
http://community-exchange.org/,Joensuun Vaihtopiiri,"Joensuu, Pohjois-Karjala, Finland",29.76389,62.6
http://community-exchange.org/,RefLETS Community Exchange,"Brisbane, Queensland, Australia",153.0235,-27.469
http://community-exchange.org/,Civic Community Exchange,"St. George, New South Wales, Australia",150.2194,-35.0547
http://community-exchange.org/,Rovaniemen Aikapankki,"Rovaniemi, Rovaniemi, Finland",25.719408,66.496824
http://community-exchange.org/,Cooperativa Integral Amalur,"Valencia, Valencia, Spain",-0.739992,39.334334
http://community-exchange.org/,Good Life Club - Bayside,"Bayside, Victoria, Australia",144.591875,-36.619223
http://community-exchange.org/,Keski-Uudenmaan Aikapankki,"Kerava, Jรคrvenpรครค, Tuusula, Uusimaa, Finland",25.02917,60.40278
http://community-exchange.org/,Ecoxarxa Lo Pallars,"Salร s de Pallars, Lleida, Spain",0.63333,41.61667
http://community-exchange.org/,Sistema de cambio local Biobรญo,"Concepcion, Region Biobรญo, Chile",-72.209377,-37.721037
http://community-exchange.org/,Xarxa d Economia Solidaria de Catalunya,"Barcelona, Catalunya, Spain",2.127909,41.378601
http://community-exchange.org/,Esnaf Niลก,"Niลก, Srbija, Serbia",-93.0375,44.884722
http://community-exchange.org/,Ecoxarxa Penedรจs,"Vilafranca del Penedรจs, Catalunya, Spain",2.127909,41.378601
http://community-exchange.org/,LETSBuzz,"Leighton Buzzard, Bedfordshire, United Kingdom",-2.4772,53.1166
http://community-exchange.org/,Porvoon Aikapankki,"Porvoo, Porvoo, Finland",25.6638888889,60.3930555556
http://community-exchange.org/,FASOYLI Exchange Community,"Athens, Greece, Greece ",-77.695278,43.209444
http://community-exchange.org/,Friendly Service Club,"Columbus, Ohio, United States",-83.0007,39.9623
http://community-exchange.org/,Nordre Vestfold Byttebank,"Horten, Vestfold, Norway ",10.4838,59.4168
http://community-exchange.org/,Slim Swayze Exchange,"Kawartha/Durham, Ontario, Canada",-80.9256,44.0537
http://community-exchange.org/,Genealogy Community Exchange Group,"Camarillo, California, United States",-119.0376,34.2164
http://community-exchange.org/,Super Swap Valencia,"Valencia, Valencia, Spain",-0.739992,39.334334
http://community-exchange.org/,Monroe County Exchange,"Rochester NY, New York, United States",-77.6152,43.1573
http://community-exchange.org/,George VanSickles Community Exchange,"Indianapolis, Indiana, United States",-86.1584,39.7683
http://community-exchange.org/,Dargo Highlands Community Farm,"Dargo, Victoria, Australia",147.2511,-37.4607
http://community-exchange.org/,Oficina para la Sustentabilidad y la Equidad Local,"Novelda, Alicante, Spain",-0.76528,38.38611
http://community-exchange.org/,Mikkelin Aikapankki,"Mikkeli, Etelรค-Savo, Finland",27.27361,61.6875
http://community-exchange.org/,Vantaan aikapankki,"Vantaa, Finland",25.03333,60.3
http://community-exchange.org/,Kinsale Area Community Exchange,"Kinsale, Cork, Ireland",-8.523,51.7057
http://community-exchange.org/,ZMVP Bank,"Kitchener, Ontario, Canada",-80.4925,43.4517
http://community-exchange.org/,Elche Acoge,"Elche, Alicante, Spain",-0.69833,38.26694
http://community-exchange.org/,NITE Global Accommodation Exchange,"International, International",-122.3241,47.5982
http://community-exchange.org/,Kildare LETS,"Kildare Town, Co Kildare, Ireland",-6.9117,53.1568
http://community-exchange.org/,Bloemfontein Community Exchange,"Bloemfontein, Free State, South Africa",26.2862,-29.1245
http://community-exchange.org/,Construyendo Ecociudadelas,"Barcelona, Cataluรฑa, Spain",2.17694,41.3825
http://community-exchange.org/,Haenertsburg Community Exchange Programme,"Haenertsburg, Limpopo, South Africa",29.9449,-23.9444
http://community-exchange.org/,ATKA Centurion Community Exchange,"Centurion, Gauteng, South Africa",28.1858,-25.8589
http://community-exchange.org/,Iets vir Iets Westrand,"Westrand, Gauteng, South Africa",28.02029,-26.013707
http://community-exchange.org/,EcoXarxa Vallรจs Oriental,"Mollet del Vallรจs, Catalunya, Spain",-4.055685,41.294856
http://community-exchange.org/,El Temps del Dร til,"Elche, Alicante, Spain",-0.69833,38.26694
http://community-exchange.org/,Comerciantes Unidos,"Cali, Valle Del Cauca, Colombia ",-76.51972,3.44
http://community-exchange.org/,Kokkolan Aikapankki,"Kokkola, Keski-Pohjanmaa, Finland",23.13333,63.83333
http://community-exchange.org/,Red Libertaria,"Quintana Roo, Quintana Roo, Mexico",-88.141554,19.797367
http://community-exchange.org/,Seville Spain CES,"Seville, Andalusia, Spain",2.187017,41.395219
http://community-exchange.org/,Connecticut Sound Shares Exchange,"East Haddam, Connecticut, United States",-72.4612,41.4532
http://community-exchange.org/,EcoRรฉseau du Pays Nantais,"Nantes, Bretagne, France",-1.55389,47.21722
http://community-exchange.org/,Chapman House Community Center,"Pelzer, South Carolina, United States",-82.456,34.6423
http://community-exchange.org/,Red vegana de intercambio,"Barcelona, Catalunya, Spain",2.127909,41.378601
http://community-exchange.org/,Tapawera Share and Care Scheme,"Tapawera, Nelson, New Zealand",173.23806,-41.29306
http://community-exchange.org/,Athens County Transition,"Athens County, Ohio, United States",-82.1013,39.3292
http://community-exchange.org/,Charlotte Community Exchange,"Charlotte, NC, United States",-80.8431,35.2271
http://community-exchange.org/,Asociaciรณn Sostenibilidad Rural Y Formaciรณn,"Porqueres, Girona, Spain",2.74799,42.12208
http://community-exchange.org/,Red de Sistemas de Comercio Local,"Medellรญn, Antioquia, Colombia ",-75.457129,7.19314
http://community-exchange.org/,Confis Sociedad Internacional,"Terrassa, Catalunya, Spain",2.00806,41.56111
http://community-exchange.org/,Comunidad de Ola Currency-OLAC,"Madrid, Espaรฑa, Spain",-3.69194,40.41889
http://community-exchange.org/,Cork LETS Network,"Cork, Cork, Ireland",-8.455717,51.900372
http://community-exchange.org/,Chicagoland Local Exchange Trading System,"Chicago, Illinois, United States",-87.6244,41.8756
http://community-exchange.org/,Loivan maan aikapankki,"Loimaa, Varsinais-Suomi, Finland",23.05833,60.85139
http://community-exchange.org/,Glasshouse and Beerwah Exchange System,"Glasshouse Mountains and Beerwah, Queensland, Australia",152.9555,-26.8992
http://community-exchange.org/,Ecoxarxa de L'Anoia,"Anoia, Catalunya, Spain",2.127909,41.378601
http://community-exchange.org/,Greater Dayton Community Exchange,"Dayton, OH, United States",-84.1916,39.7589
http://community-exchange.org/,The Rational Exchange,"Muskoka, Ontario, Canada",-79.203752,45.337158
http://community-exchange.org/,Hyvinkรครคn Hyvรค Pankki,"Hyvinkรครค, Uusimaa, Finland",25.065455,60.175068
http://community-exchange.org/,Philadelphia Barter Exchange,"Philadelphia, Philadelphia, United States",-75.1327,40.0115
http://community-exchange.org/,CES Alicante Red de Intercambio Local,"Alicante, Alicante, Spain",-0.8765157,38.1775517
http://community-exchange.org/,Ecoxarxa del Pla de l'Estany,"Pla de l'Estany, Catalunya, Spain",-0.3223585,39.5117322
http://community-exchange.org/,Ulladulla Community Exchange,"Ulladulla, New South Wales, Australia",150.4752,-35.3622
http://community-exchange.org/,Lohjan Aikapankki,"Lohja, Uusimaa, Finland",24.06667,60.25
http://community-exchange.org/,Ecoxarxa de la Selva,"Comarca de la Selva, Comarca de la Selva, Spain",2.177263,41.438073
http://community-exchange.org/,Kauai Community Exchange System,"Hawaii, United States",-155.424133,19.590615
http://community-exchange.org/,Livonsaaren aikapankki,"Naantali, Suomi, Finland",22.02639,60.46806
http://community-exchange.org/,Banco de tiempo La Concepciรณn,"Madrid, Madrid/Ciudad Lineal, Spain",-3.660071,40.458931
http://community-exchange.org/,Kaereti ฮคฮฟฯฮนฮบฯ ฮดฮฏฮบฯฯฮฟ ฮฮฝฯฮฑฮปฮปฮฑฮณฯฮฝ ฮฮตฯฮฌฯฮตฯฯฮฑฯ,"Ierapetra, Crete, Greece ",25.97,35.04
http://community-exchange.org/,Economia Locale Bergamo,"Villa d'Almรจ, Bergamo, Italy",9.9118631,45.9753075
http://community-exchange.org/,Cultive Resistรฉncia,"Baixada Santista, Sรฃo Paulo, Brazil",-43.480918,-22.879297
http://community-exchange.org/,Banco del Eo,"Vegadeo, Asturias, Spain",-6.99915,43.41566
http://community-exchange.org/,Sistema d'Intercanvi Local de Meliana,"Meliana, Valรจncia, Spain",-0.34917,39.52722
http://community-exchange.org/,Kalamata Free Space,"Kalamata, Messinia, Greece ",22.1,37.01667
http://community-exchange.org/,Banco del Tiempo Manoteras,"Madrid, Madrid, Spain",-3.6919444444,40.4188888889
http://community-exchange.org/,Human Design,"Melbourne, Victoria, Australia",144.9632,-37.8142
http://community-exchange.org/,Participation,"Berlin, Berlin, Germany",13.406091,52.519171
http://community-exchange.org/,EcoXarxa Mallorca,"Mallorca, Illes Balears, Spain",2.550586,39.528024
http://community-exchange.org/,LETS South Local Exchange Trading System,"South Adelaide, South Australia, Australia",138.5999,-34.9274
http://community-exchange.org/,Free State Exchange Services,"Brisbane, Queensland, Australia",153.0235,-27.469
http://community-exchange.org/,Vryburg Community Exchange,"Vryburg/Kavot Complex, North West Province, South Africa",24.7284,-26.9566
http://community-exchange.org/,Majunga,"Majunga, Madagascar, Madagascar",46.3172576576,-15.7181491461
http://community-exchange.org/,Alaska Exchange Network,"Anchorage, Alaska, United States",-149.8949,61.2163
http://community-exchange.org/,Central Indiana Community Exchange,"Greenfield, Indiana, United States",-85.7682,39.7855
http://community-exchange.org/,"EcoTrocas Portugal, Comunidade de Trocas","Alges, Estremadura, Portugal",-8.979823,39.549515
http://community-exchange.org/,Seto Turg,"Tallinn, Harju, Estonia",24.745,59.43722
http://community-exchange.org/,Experiment Dadel-NL,"Harderwijk, Gelderland, Netherlands",5.61722,52.35056
http://community-exchange.org/,&#932,"&#961, &#940, &#949",-122.695122,38.34336
http://community-exchange.org/,Bucharest Community Exchange,"Bucharest, Romania, Romania",26.087001,44.438622
http://community-exchange.org/,Yarra Valley LETS,"Warburton, Victoria, Australia",145.6887,-37.7536
http://community-exchange.org/,Humboldt Village Exchange,"Humboldt, California, United States",-120.047533,37.229564
http://community-exchange.org/,Oakland Neighborhoods Community Exchange,"Oakland, California, United States",-122.2714,37.8045
http://community-exchange.org/,The Manzana Community Exchange,"Los Lunas, New Mexico, United States",-106.7613,34.8142
http://community-exchange.org/,Hub City Exchange,"Hagerstown, Washington County, Maryland, United States",-77.7203,39.6419
http://community-exchange.org/,Bank wremeni Sankt-Petersburg,"Sankt-Petersburg, Sankt-Peterburg, Russia",30.298715,59.925629
http://community-exchange.org/,Ca Sa Comuna,"Islas Baleares, Islas Baleares, Spain",2.654382,39.574984
http://community-exchange.org/,Latrobe Valley Exchange,"Latrobe Valley, Victoria, Australia",146.4702777778,-38.2072222222
http://community-exchange.org/,Ecoxarxa de l'alt maresme,"Alt Maresme, Catalunya, Spain",-4.055685,41.294856
http://community-exchange.org/,Fiskars Time Bank,"Fiskars, Raasepori, Finland",23.43611,59.975
http://community-exchange.org/,Kuopion Aikapankki,"Pohjois-Savo, Finland",27.526011,63.089287
http://community-exchange.org/,Red de Apoyo Mutuo de la Vera,"Comarca de la Vera, Extremadura, Spain",-5.46389,40.13056
http://community-exchange.org/,Project Utopia,"Three Rivers, Gauteng, South Africa",27.967179,-26.66359
http://community-exchange.org/,Ecorรฉseau du Pays de Concarneau,"Concarneau, Bretagne, France",-3.91889,47.87528
http://community-exchange.org/,Glasshouse Community Exchange System,"Glasshouse Mountains, Queensland, Australia",152.9555,-26.8992
http://community-exchange.org/,Vihdin Aikapankki,"Vihti, Uusimaa, Finland",24.33306,60.41667
http://community-exchange.org/,Red Moneda Social Aljarafe,"Comarca del Aljarafe, Sevilla, Spain",-5.7257806,37.3812254
http://community-exchange.org/,"PUMA, Red de Moneda Social del Casco Histรณrico Norte de Sevilla","Sevilla, Sevilla, Spain",-5.98333,37.38333
http://community-exchange.org/,Skupina Vzรกjemnรฉ Vรฝpomoci Ostrava,"Ostrava, Moravskoslezskรฝ kraj, Czech Republic",18.2925,49.83556
http://community-exchange.org/,Iisalmen Aikapankki,"Iisalmi, Pohjois-Savo, Finland",27.18889,63.56111
http://community-exchange.org/,Poor Souls Society Exchange,"Old North St. Louis, MO, United States",-90.1959,38.6491
http://community-exchange.org/,Cooperativa Integral Terrassa,"Terrassa, Calalunta, Spain",2.00806,41.56111
http://community-exchange.org/,Raahen Aikapankki,"Raahe, Raahe, Finland",24.479469,64.684828
http://community-exchange.org/,Comunidad de Intercambio Sierra Norte de Madrid,"Sierra Norte de Madrid, Madrid, Spain",-3.69194,40.41889
http://community-exchange.org/,Transition Philippines Exchange,"Metro Manila, N/A, Philippines",120.99501,14.5946
http://community-exchange.org/,Transition US Exchange,"Burke, Virginia, United States",-77.2755,38.7771
http://community-exchange.org/,Stanislaus River Community Exchange,"Modesto, California, United States",-120.9969,37.6391
http://community-exchange.org/,GiTa,"Bilbao, Euskal Herria, Spain",-2.8865828,43.2912611
http://community-exchange.org/,KOINO,"&#920, &#949, &#963",-87.164962,32.193391
http://community-exchange.org/,Kajaanin aikapankki,"Kajaani, Kainuu, Finland",27.73333,64.225
http://community-exchange.org/,ะะฐะฝะบ ะัะตะผะตะฝะธ ะงะ (ะะดะตััะฐ),Ukraine,31.320283,49.322794
http://community-exchange.org/,Banco del tiempo R.ciclo,"Granada-Realejo, Granada, Spain",-3.60083,37.17806
http://community-exchange.org/,Toronto LETS System,"Toronto, Ontario, Canada",-79.3849,43.6529
http://community-exchange.org/,Cooperativa Integral Riojana,"La Rioja, La Rioja, Spain",-2.47329,42.35804
http://community-exchange.org/,Avalon Comunidad,"Barcelona, Cataluรฑa, Spain",2.17694,41.3825
http://community-exchange.org/,Eastland Alternative System of Trade,"Gisborne Region, New Zealand, New Zealand",177.982478,-38.662161
http://community-exchange.org/,Collaboration of Heroes for Health Happiness Harmony and Healing Community,"Healesville, Victoria, Australia",145.5162,-37.6537
http://community-exchange.org/,One Love Bank,"Christiansted, St. Croix, US Virgin Islands",-86.5864,38.2239
http://community-exchange.org/,Tauschnetz Pongau,"Pongau, Salzburg, Austria",13.03333,47.8
http://community-exchange.org/,Vila Real Eco,"Vila Real, Vila Real, Portugal",-7.8,41.28333
http://community-exchange.org/,Kotkan Aikapankki,"Kotka, Kymenlaakso, Finland",26.94583,60.46667
http://community-exchange.org/,Kainuun Aikapankki,"Kainuu, Kainuu, Finland",28.300977,64.598919
http://community-exchange.org/,Kununurra Community Exchange,"Kununurra, Western Australia, Australia",128.7388,-15.7731
http://community-exchange.org/,Barrio de Casetas de Zaragoza,"Casetas, Zaragoza, Spain",-0.88333,41.65
http://community-exchange.org/,Midlands Community Exchange,"Midlands, KwaZulu-Natal, South Africa",30.569412,-28.985647
http://community-exchange.org/,"Wellington North, New Zealand","Wellington, Wellington, New Zealand",174.77722,-41.28889
http://community-exchange.org/,Trueke Comunitario,"Parana, Entre Rios, Argentina",-60.5175,-31.74444
http://community-exchange.org/,Cooperativa Andaluza Ecocenter,"Tarifa, Cadiz, Spain",-5.60567,36.01531
http://community-exchange.org/,Revelstoke Alternative Goods & Services Exchange,"Revelstoke, BC, Canada, British Columbia, Canada",-118.1918,50.9934
http://community-exchange.org/,Comunidad Munitario.Com,"Buenos Aires, Buenos Aires, Argentina",-58.373161,-34.608418
http://community-exchange.org/,Kind Social,"Oakdale, California, United States",-120.8472,37.7666
http://community-exchange.org/,Jeddah Community Exchange,"Jeddah, Mecca, Saudi Arabia",39.17278,21.54278
http://community-exchange.org/,Wroclawski Rynek Obiegu Niezaleznego,"Wroc&#322, aw, l&#261",-82.488461,39.125978
http://community-exchange.org/,EcoXarxa Morvedre,"Sagunto, Valencia, Spain",-0.27333,39.67639
http://community-exchange.org/,Golden Hours Time Exchange,"Golden, British Columbia, Canada",-116.9646,51.2976
http://community-exchange.org/,Karamea Community Energy Exchange,"Karamea, West Coast, New Zealand",172.1133,-41.2468
http://community-exchange.org/,Herri Kooperatiba,"Euskal Herria, Euskal Herria, Spain",-2.2378542,43.2544937
http://community-exchange.org/,Red Eco de Mercado Comunitario,"Comarca de la Montaรฑa Palentina, Palencia, Spain",-4.53333,42.01667
http://community-exchange.org/,Grupo de Alimentaciรณn do Val Miรฑor,"Val Miรฑor, Pontevedra, Spain",-8.6475,42.43361
http://community-exchange.org/,Xarxa d'Intercanvi d'Olivella,"Olivella, Barcelona, Spain",1.81194,41.31167
http://community-exchange.org/,Moneda social del Centre d'animals,"Mollet del valles, Barcelona, Spain",2.2107,41.53557
http://community-exchange.org/,LUX Community Exchange,"Almenno San Bartolomeo, Bergamo, Italy",9.57972,45.74889
http://community-exchange.org/,EIRE L.E.T.S. Network,"Ireland, Ireland, Ireland",-8.24389,53.41291
http://community-exchange.org/,Riga Barter Exchange,"Riga, Riga, Latvia ",24.10694,56.9475
http://community-exchange.org/,Ecorรฉseau du pays de Questembert,"Questembert, Bretagne, France",-2.45306,47.66139
http://community-exchange.org/,Hong Kong Community Exchange,"Hong Kong, Hong Kong, Hong Kong",114.1563055556,22.2777861111
http://community-exchange.org/,Caithness & Sutherland Community Exchange System,"Caithness & Sutherland, Caithness & Sutherland, United Kingdom",-2.36967,54.237933
http://community-exchange.org/,Navarra - Comunidad para el Intercambio,"Pamplona, Navarra, Spain",-1.65,42.81667
http://community-exchange.org/,Mynรคmรคki Vaihtotalous,"Mynรคmรคki, Varsinais-Suomi, Finland",22.372838,60.28655
http://community-exchange.org/,Banco del Tiempo Vigo,"Vigo, Galicia, Spain",-7.5308624,42.5230853
http://community-exchange.org/,Cavan Monaghan Community Exchange,"Cavan Monaghan, County Monaghan, Ireland",-6.97252,54.24784
http://community-exchange.org/,Cooperativa Integral Asturiana,"Oviedo, Asturias, Spain",-5.8423,43.36342
http://community-exchange.org/,Nairobi Exchange Community Service,"Nairobi, Nairobi, Kenya",36.81667,-1.28333
http://community-exchange.org/,Red de Apoyo Mutuo Aurhora,"Motril, Granada, Spain",-3.52056,36.74528
http://community-exchange.org/,Intercanvi Plana Baixa / Troc P.B,"La Llosa, Castellรฒ, Spain",-0.205,39.76833
http://community-exchange.org/,Ficksburg Gumtree Barter,"Ficksburg, Free State, South Africa",27.8766,-28.8716
http://community-exchange.org/,WYMIENNIK. Spolecznosciowy System Wymiany,"Warszawa, Mazowieckie, Poland",21.03333,52.21667
http://community-exchange.org/,Comunidad de Intercambio Siete Picos,"Madrid, Madrid, Spain",-3.6919444444,40.4188888889
http://community-exchange.org/,The Hamilton Time Exchange,"Hamilton, Ontario, Canada",-79.8678,43.2547
http://community-exchange.org/,Movimiento Desempleados,"Alhaurin de la Torre, Mรกlaga, Spain",-4.56499,36.66184
http://community-exchange.org/,CES Horta Sud,"Valencia, Valencia, Spain",-0.739992,39.334334
http://community-exchange.org/,Osel Regiรณn de Murcia,"Regiรณn de Murcia, Espaรฑa, Spain",-5.6462364,36.8618513
http://community-exchange.org/,New Delhi NCR Community Exchange,"New Delhi, Delhi, India",77.215972,28.630701
http://community-exchange.org/,Central Indiana Exchange Circle,"Greater Indianapolis Area, Indiana, United States",-86.1584,39.7683
http://community-exchange.org/,Cooperativa Integral dยดEivissa,"Eivissa, Islas Baleares, Spain",1.43278,38.90889
http://community-exchange.org/,BIMS de Maรงanet de la Selva,"Maรงanet de la Selva, Girona, Spain",3.154991,42.3619998
http://community-exchange.org/,Comunidad de Intercambio de las Cuencas Mineras,"Mieres, Asturias, Spain",-5.77667,43.25
http://community-exchange.org/,Reading LETS,"Reading, Berkshire, United Kingdom",-0.9674,51.458
http://community-exchange.org/,Global Interest Body - Grand Rapids,"Grand Rapids, Michigan, United States",-85.6679,42.9632
http://community-exchange.org/,Valencia Capital y Poblats Maritims,"Valencia, Comunidad Valenciana, Spain",-0.4672757,39.363277
http://community-exchange.org/,MellanNorrland Bytesbank,"Sundsvall, Vรคsternorrland, Sweden",17.31667,62.4
http://community-exchange.org/,Feira Fรฉrtil,"Brasilia, Distrito Federal, Brazil",-47.8823,-15.7934
http://community-exchange.org/,Red ECO Madrid,"Madrid, Madrid, Spain",-3.6919444444,40.4188888889
http://community-exchange.org/,Cyprus Community Exchange,"Paphos, Paphos, Cyprus",32.45,34.76667
http://community-exchange.org/,Sistema de Unidades de Confianza,"La Tierra, Espaรฑa, Spain",-0.354344,39.474457
http://community-exchange.org/,Arokya Community Exchange,"Arakkonam, Tamil Nadu, India",79.66667,13.1
http://community-exchange.org/,Banco de Favores,"Avilรยฉs, Asturias, Spain",-5.819159,43.321814
http://community-exchange.org/,CES - Greater Vancouver,"Greater Vancouver, British Columbia, Canada",-123.25,49.27
http://community-exchange.org/,La Casa de la Red,"Cuernavaca, Morelos, Mexico",-99.1158319,18.9791133
http://community-exchange.org/,Barrydale Community Exchange,"Barrydale, Western Cape, South Africa",20.7244,-33.9053
http://community-exchange.org/,Sistema de Organizaciรณn Local de Patraix,"Valencia, Valencia, Spain",-0.739992,39.334334
http://community-exchange.org/,Comunidad de intercambio Estacion Cielo Abierto,"Valparaiso, Valparaiso, Chile",-71.62199,-33.051994
http://community-exchange.org/,Comunidad de Intercambio de Almer&#237,"a, Almer&#237, Almer&#237",-76.312512,36.829373
http://community-exchange.org/,Fleys,"Mollet del Vallรจs, Barcelona, Spain",2.213405,41.535955
http://community-exchange.org/,Comunidad de intercambio Comarca del Sureste I,"Velilla de San Antonio, Madrid, Spain",-3.48806,40.36694
http://community-exchange.org/,Xarxa Ecovalldeltenes,"L'Ametlla del Vallรจs, Barcelona, Spain",2.17694,41.3825
http://community-exchange.org/,Red Asturiana de comunidades de Trueque,"Asturias, Asturias, Spain",-5.854654,43.366163
http://community-exchange.org/,Central Ohio Exchange Circle,"Columbus, Ohio, United States",-83.0007,39.9623
http://community-exchange.org/,Karnavati Community Exchange,"Ahmedabad, Gujarat, India",72.58,23.03
http://community-exchange.org/,mercaBit.eu,"Madrid, Madrid, Spain",-3.6919444444,40.4188888889
http://community-exchange.org/,Amalgama Social,"Collado Villalba, Madrid, Spain",-3.99139,40.64528
http://community-exchange.org/,Ecored  Chiva-Hoya de Buรฑol,"Hoya de Buรฑol, Valencia, Spain",-0.375,39.46667
http://community-exchange.org/,Cooperativa integral Zamora,"Zamora, Zamora, Spain",-5.75556,41.49889
http://community-exchange.org/,EcoXarxa Alcoiร -Comtat,"Alcoiร -Comtat, Alacant, Spain",-0.48306,38.34528
http://community-exchange.org/,Via Interaxion,"International, International, International",-122.3241,47.5982
http://community-exchange.org/,Banco de Tiempo  Aitana Sur,"Sella, Alicante, Comarca de la Marina Baixa, Spain",-0.27278,38.60833
http://community-exchange.org/,Proxecto Integral Compostela,"Santiago de Compostela, A Coruรฑa, Spain",-8.53333,42.88333
http://community-exchange.org/,Community Exchange System - Whistler,"Whistler, British Columbia, Canada",-122.9543,50.1172
http://community-exchange.org/,Ebro: Moneda social,"Aragรณn, Aragon, Spain",-1.644448,42.802863
http://community-exchange.org/,Banco del tiempo TEMPUS BANK,"Villaquilambre/Leon, SPAIN, Spain",-5.55861,42.64611
http://community-exchange.org/,Nodo San Cris,"San Cristobal de las Casas, Chiapas, Mexico",-92.63833,16.73667
http://community-exchange.org/,Musica y Arte Audiovisual Exchange,"Bocairent, Valencia, Spain",-0.61278,38.76583
http://community-exchange.org/,Creaexchange,"Barcelona, Barcelona, Spain",2.17694,41.3825
http://community-exchange.org/,Cluj,"Cluj Napoca, Cluj, Romania",23.55944,46.78
http://community-exchange.org/,Mas la nou,"Constanti, Tarragona, Spain",1.21433,41.15317
http://community-exchange.org/,DelPlaKarolinas,"Pla-Carolinas, Alicante, Spain",-0.48306,38.34528
http://community-exchange.org/,Feira de Trocas das Virtudes,"Miragaia, Porto, Portugal",-8.62,41.1458333333
http://community-exchange.org/,Comunidad de la Energia,"Ponferrada, Leon, Spain",-6.59083,42.54611
http://community-exchange.org/,Ioannina Community Exchange,"Ioannina/Stoa Sarka, Greece/Epirus, Greece ",20.85,39.66667
http://community-exchange.org/,Mejorando el Barrio de Burgos,"Burgos, Burgos/Castilla y leon, Spain",-3.69972,42.34083
http://community-exchange.org/,Talents Exchange,"Chi&#537, in&#259, Chisinau",-86.173619,39.690617
http://community-exchange.org/,UpLIFT Community Time Credit Exchange,"Toronto, Ontario, Canada",-79.3849,43.6529
http://community-exchange.org/,Sistema de Administraรงao de Recursos de Oasis Mundo,"Paraty, Rio de Janeiro, Brazil",-44.7175,-23.2221
http://community-exchange.org/,Banko del Tiempo Yecla,"Yecla, Murcia, Spain",-1.11667,38.61667
http://community-exchange.org/,Red de Economia Social el Chavico,"Granada, Granada, Spain",-3.60083,37.17806
http://community-exchange.org/,Banco del tiempo 2.0,"Vigo, Pontevedra, Spain",-8.71667,42.23333
http://community-exchange.org/,The Planetary Club,"Getxo, Bizkaia, Spain",-3.00639,43.34417
http://community-exchange.org/,Red de Economรญa Local de Alicante,"Alicante, Alicante, Spain",-0.8765157,38.1775517
http://community-exchange.org/,Banco de tiempo de Altea,"Altea, Alicante, Spain",-0.04889,38.6
http://community-exchange.org/,Comunidad Intercambio CambiarCambiando,"Comarca de Las Vegas (Madrid Sur), Madrid, Spain",-3.830904,40.348579
http://community-exchange.org/,Tidsmaskinens bytesring av varor och tjรคnster,"Stockholm, Stockholm, Sweden",18.06861,59.32944
http://community-exchange.org/,Red de Favores,"Madrid, Madrid, Spain",-3.6919444444,40.4188888889
http://community-exchange.org/,Ibiza Coop ECO,"Ibiza, Baleares, Spain",1.43278,38.90889
http://community-exchange.org/,Banco del Tiempo de Collado Villalba,"Collado Villalba, Madrid, Spain",-3.99139,40.64528
http://community-exchange.org/,Selvam Exchange,"Arakkonam, Tamil Nadu, India",79.66667,13.1
http://community-exchange.org/,Exchange Unit CRED-IT,"Uglas, France",0.43361,43.14111
http://community-exchange.org/,BdT Escorial Abierto,"El Escorial, Madrid, Spain",-4.12694,40.58472
http://community-exchange.org/,Asociaciรณn para el fomento de la moneda complementaria de Jimena de la Frontera,"Jimena de la Frontera, Cรกdiz, Spain",-5.45,36.43333
http://community-exchange.org/,Firavila Ontinyent,"Ontinyent, Valencia, Spain",-0.60722,38.82222
http://community-exchange.org/,Banc de Temps Olesa,"Olesa de Montserrat, Barcelona, Spain",1.89444,41.545
http://community-exchange.org/,MundeStock,"Murcia, Murcia, Spain",-1.13028,37.98611
http://community-exchange.org/,Ecored Mijares Palancia,"Segorbe, Castellรณn, Spain",-0.48955,39.8519
http://community-exchange.org/,Ecoxarxa Ribera Alta del Xuquer,"Alberic, Valรจncia, Spain",-0.52111,39.11667
http://community-exchange.org/,Cybern Technologies,"Chia, Colombia, Colombia ",-74.036787,4.86201
http://community-exchange.org/,Xarxa Agroecolรฒgica La Sembra,"Oliva, Valencia, Spain",-0.12111,38.91944
http://community-exchange.org/,Alboraia L'Horta Nord,"Alboraia, Valรจncia, Spain",-0.34948,39.501
http://community-exchange.org/,Norte Del Valle y Eje Cafetero,"Zarzal, Valle Del Cauca, Colombia ",-76.07028,4.39417
http://community-exchange.org/,Mercat online d'intercanvi de Bonastre,"Bonastre, Tarragona, Spain",1.44083,41.22194
http://community-exchange.org/,WuFlow,"Taos, New mexico, United States",-105.5731,36.4072
http://community-exchange.org/,NZ Red Hat Exchange,"Thames, New Zealand, New Zealand",175.5444,-37.1366
http://community-exchange.org/,LETS Vlaamse Ardennen,"Ronse, Oost-Vlaanderen, Belgium",3.6,50.75
http://community-exchange.org/,Menjalni krog,"Zagorje ob Savi, Zasavje, Slovenia",14.99417,46.13417
http://community-exchange.org/,Herbal Coaching Community Exchange,"Ponca, Arkansas, United States",-93.3646,36.0242
http://community-exchange.org/,Asociaciรณn Sociocultural Sรกmara,"Sierra Oeste, Madrid, Spain",-4.0213162,40.6411331
http://community-exchange.org/,Collado Mediano,"Collado mediano, Espaรฑa, Spain",-4.02333,40.69389
http://community-exchange.org/,FTcredits New London,"New London, Connecticut, United States",-72.0995,41.3557
http://community-exchange.org/,Ozarks Community Exchange,"Mountian Grove, Missouri, United States",-92.492359,38.294958
http://community-exchange.org/,Copenhagen Community Exchange,"Copenhagen, Sjรฆlland, Denmark",12.56889,55.67611
http://community-exchange.org/,Desert Empire Local Exchange Trading System,"Joshua Tree, CA, United States",-116.3131,34.1347
http://community-exchange.org/,Koro Island Community,"Koro Island, -- All Provinces --, Fiji",177.917694,-17.542178
http://community-exchange.org/,Klientskรฝ portรกl CPA,"รstรญ nad Labem, Czech Republic",15.338412,49.742859
http://community-exchange.org/,South Shore Time Exchange,"South Lake Tahoe, CA, United States",-119.9843,38.9332
http://community-exchange.org/,Pรกsalo-Puรงol. Herramienta de pago social.,"Puรงol, Valencia, Spain",-0.375,39.46667
http://community-exchange.org/,Hรคmeen Aikapankki,"Hรคmeenlinna, Hattula, Janakkala, Finland",24.65,60.91667
http://community-exchange.org/,Sud Tarn Community Exchange,"Castres, Tarn, France",2.24,43.60583
http://community-exchange.org/,Banco de tiempo y cosas de Caspe,"Caspe, Zaragoza, Spain",-0.03957,41.23667
http://community-exchange.org/,Uniรณ d'Intercanvis de Catalunya,"Cambrils, Catalunya, Spain",1.05444,41.07528
http://community-exchange.org/,Sistema de Moneda Social de Lemos,"Monforte de Lemos, Lugo, Spain",-7.51611,42.51639
http://community-exchange.org/,Springfield Community Exchange,"Springfield, Missouri, United States",-93.2983,37.2153
http://community-exchange.org/,Smoky Mountain Digital Exchange,"Eastern Tennessee, Tennessee, United States",-82.527674,36.431187
http://community-exchange.org/,Instituto Comenius,"Monterrey, Nuevo Leon, Mexico",-100.30861,25.67139
http://community-exchange.org/,Baldwin/Lawrence Community Exchange,"Lawrence, Kansas, United States",-95.2359,38.9719
http://community-exchange.org/,Banco de Tempo Equilibrium,"Brasil, Brasil, Brazil",-35.351645,-5.856297
http://community-exchange.org/,Service d'รฉchange locaux,"Charleroi, Hainaut, Belgium",4.44417,50.41667
http://community-exchange.org/,Banco Mairinquense de Tempo e Trocas,"Conselheiro Mairinck, Paranรก, Brazil",-50.1707,-23.623
http://community-exchange.org/,Banco de Tempo da Chapada Diamantina,"Lenรงรณis, Bahia, Brazil",-42.501852,-13.455467
http://community-exchange.org/,Sierra de las Villas Exchange,"Sierra de las Villas, Jaรฉn, Spain",-3.589237,38.0725781
http://community-exchange.org/,Hospital del Vendrell,"Vendrell, Spain, Spain",-3.74922,40.463667
http://community-exchange.org/,Kuumaana Trade Exchange,"Windhoek, Namibia, Namibia",17.072984,-22.560084
http://community-exchange.org/,Comarca Baรฑezana Intercambia,"La Baรฑeza, Leon, Spain",-5.56694,42.59889
http://community-exchange.org/,Monchique Troca e Banco do Tempo,"Monchique, Algarve, Portugal",-8.55611,37.31806
http://community-exchange.org/,Intercambio Social,"Lima y a Nivel Nacional, Lima, Peru",-76.548778,-11.83907
http://community-exchange.org/,Colectivo Punto Critico,"Coquimbo, REGIรN DE COQUIMBO, Chile",-71.33333,-29.95
http://community-exchange.org/,Kimberley Community Exchange,"Kimberley, Northern Cape, South Africa",24.763,-28.7377
http://community-exchange.org/,Gold Coast Trading Bank,"Los Pargos, Guanacaste, Costa Rica",-85.8116502408,10.2057857085
http://community-exchange.org/,Sindinerogranada,"Granada, Granada, Spain",-3.60083,37.17806
http://community-exchange.org/,Banco Casa dos 7,"Lisboa, Lisboa, Portugal",-9.16667,38.71667
http://community-exchange.org/,Grupo de intercambio de la Sierra,"Sierra de Aracena, Huelva, Spain",-6.563936,37.893727
http://community-exchange.org/,Banc de temps del Tarragonรจs,"Catalunya, Tarragona, Spain",1.4569568,41.1830796
http://community-exchange.org/,EcoXarxa de la Plana Baixa,"Plana Baixa, Castellรณn, Spain",-0.4117655,39.1467344
http://community-exchange.org/,TROKAKI loja de trocas de Carnide,"Carnide, Lisboa, Portugal",-9.16667,38.71667
http://community-exchange.org/,Unite Nelson Community Exchange,"Nelson, British Columbia, Canada",-117.2879,49.4942
http://community-exchange.org/,Unite El Bolson,"El Bolson, Rio Negro, Argentina",-66.422131,-39.781447
http://community-exchange.org/,Mercadillo de Intercambio Ambulante Libertario,"Valencia, Valencia, Spain",-0.739992,39.334334
http://community-exchange.org/,EcoRED Salamanca,"Salamanca, Salamanca, Spain",-5.64853,40.9721
http://community-exchange.org/,Dolphin Coast Talent Exchange,"Ballito, Kwa-Zulu Natal, South Africa",31.2144,-29.539
http://community-exchange.org/,Red de intercambio el Roble,"Cantabria, Spain",-4.088115,43.185516
http://community-exchange.org/,Comunidad de intercambio Santa Cruz,"Santa Cruz de la Sierra, Andres Ibaรฑez, Bolivia ",-63.1975,-17.78917
http://community-exchange.org/,Comunidade de trocas de Algoz,"Algoz, Algarve, Portugal",-7.976074,37.129666
http://community-exchange.org/,Grupo de Intercambio Ambulante Libertario,"Valencia, Valencia, Spain",-0.739992,39.334334
http://community-exchange.org/,Krakowski Bank Godzin,"Krakรณw, Polska, Poland",21.004328,52.227068
http://community-exchange.org/,Associaciรณ Cerc@,"Tarragona, Catalunya, Spain",1.4569568,41.1830796
http://community-exchange.org/,Nurture | Peaceful Parents Exchange Circle,"Johannesburg / Cape Town, Gauteng / Western Cape, South Africa",18.4289,-33.9351
http://community-exchange.org/,Ecoxarxa Tร rrega,"Terres de Ponent, Catalunya, Spain",3.80421,40.00414
http://community-exchange.org/,Friland Timebank,"Friland, Djursland, Denmark",10.5854003,56.2802869
http://community-exchange.org/,Banco del Tiempo Vistas a la Dehesa,"Collado Villalba, Madrid, Spain",-3.99139,40.64528
http://community-exchange.org/,Comunidad de Intercambio de Guadalajara La Bellota,"Guadalajara, Guadalajara, Spain",-3.2649953,40.6063245
http://community-exchange.org/,Primorskyi Kray Russia,"Vladivostok, Russia/Primorskyi krai/, Russia",131.9,43.11667
http://community-exchange.org/,Ecoxarxa Valira Cadi,"La Seu d'Urgell, Lleida, Spain",1.45861,42.35778
http://community-exchange.org/,Malaysian Community Exchange,"Kuala Lumpur, Selangor, Malaysia",101.418123,3.180396
http://community-exchange.org/,Alamogordo TimeBank,"Alamogordo, NM, United States",-105.9603,32.8998
http://community-exchange.org/,S.E.L du Val de Fontenay,"Fonteny-sous-Bois, Ile de France, France",-0.59861,45.48806
http://community-exchange.org/,North County Dublin Community Exchange,"North Dublin, Dublin, Ireland",-6.267494,53.344104
http://community-exchange.org/,Moneda Social Sanluqueรฑa,"Sanlรบcar de Barrameda, Cรกdiz, Spain",-6.345395,36.784164
http://community-exchange.org/,Dar,"Canet de Mar, Barcelona, Spain",2.58278,41.59111
http://community-exchange.org/,Ecoxarxa de Castellรณ,"Castellรณn, Castellon, Spain",-0.035406,40.230256
http://community-exchange.org/,Cooperativa de Serveis Integrals Bellesa-Salut-Consciencia Espai SER,"La Seu D'Urgell, Lleida, Spain",1.45861,42.35778
http://community-exchange.org/,Compartir (BdT),"Canet de Mar (Barcelona), Spain",2.58278,41.59111
http://community-exchange.org/,Saarijรคrven Aikapankki,"Saarijรคrvi, Keski-Suomi, Finland",25.505778,62.531015
http://community-exchange.org/,Lakeshore TimeBank,"St. Clair Shores, Michigan, United States",-82.9085,42.4646
http://community-exchange.org/,Ecoxarxa Ripollรจs,"Ripoll, Girona, Spain",2.19027,42.20108
http://community-exchange.org/,Asociaciรณn de afectados por la crisis. Trueque y Trato,Spain,-4.055685,41.294856
http://community-exchange.org/,Banco de tiempo de Alicante [15M],"Alicante, Alicante, Spain",-0.8765157,38.1775517
http://community-exchange.org/,Maine Coastal Means of Exchange,"Coastal Maine, Maine, United States",-67.9230792,46.8200431
http://community-exchange.org/,North Rand Welfare Forum Exchange,"Tshwane, Gauteng, South Africa",28.75,-25.71
http://community-exchange.org/,Temptation,"Volos, Magnisia, Greece ",22.93333,39.36667
http://community-exchange.org/,Midvaal Community Exchange,"Midvaal, Midvaal, South Africa",28.1292,-26.623
http://community-exchange.org/,Systรจme d'Echange pour Vitaliser l'Economie,"Le Beaucet, Vaucluse, France",5.11944,43.98389
http://community-exchange.org/,Le Beausel,"Carpentras, Vaucluse, France",5.04806,44.055
http://community-exchange.org/,Asociaciรณn Cultural Serendipia - Castilla-La Mancha,"Mota del Cuervo, Cuenca, Spain",-2.86818,39.50029
http://community-exchange.org/,Gamma-V,"Volos, Greece ",22.93333,39.36667
http://community-exchange.org/,Halifax Community Exchange,"Halifax, NS, Canada",-63.575,44.6484
http://community-exchange.org/,VolosTest3,"Volos, Greece, Greece ",22.93333,39.36667
http://community-exchange.org/,Test Community Exchange,"Cape Town, Western Cape, South Africa",18.4289,-33.9351
http://community-exchange.org/,People Credit and Finance,"Miami, FL, United States",-80.1937,25.7743
http://community-exchange.org/,Polokwane Fair Trade Initiative,"Polokwane, Limpopo, South Africa",29.4554,-23.9041
http://community-exchange.org/,Rock of Gibraltar Exchange,"Gibraltar, Gibraltar, Gibraltar ",-5.34742,36.13871
http://community-exchange.org/,Fis Nua,"Ireland, Ireland, Ireland",-8.24389,53.41291
http://community-exchange.org/,Architects Association Exchange,"Johannesburg, Gauteng, South Africa",28.0328,-26.1633
http://community-exchange.org/,The Mountaineer Exchange,"Weston, West Virginia, United States",-80.4673,39.0384
http://community-exchange.org/,Tourcoin,"Rio de Janeiro, Rio de Janeiro, Brazil",-43.19855,-22.94717
http://community-exchange.org/,Mumbai Community Exchange,"Mumbai, Maharashtra, India",72.83333,18.96667
http://community-exchange.org/,Kalpavrisha Mudra Exchange,"Pune, Maharashtra, India",73.89426,18.5191
http://community-exchange.org/,Gooybank Exchange System,"Gambella, Ethiopia, Ethiopia",39.616032,8.62622
http://community-exchange.org/,Zeister handel,"Zeist, Utrecht, Netherlands",5.23333,52.08333
http://community-exchange.org/,AMA Mercado de Trueques,"Alicante, Alicante, Spain",-0.8765157,38.1775517
http://community-exchange.org/,Gooy Bank,"Guelph, ON, Canada",-80.2471,43.5462
http://community-exchange.org/,La Comunidad libre de Guadalajara,"Guadalajara, Jalisco, Mexico",-103.35194,20.66611
http://community-exchange.org/,K2 Time Bank Siena Italy,"Siena, Siena, Italy",11.33139,43.31833
http://community-exchange.org/,Mercado Joyas,"Concepcion, Concepcion, Chile",-73.05,-36.8333333333
http://community-exchange.org/,Chรกbir,"Alcalรก de Guadaรญra, Sevilla, Spain",-5.98333,37.38333
http://community-exchange.org/,Ekotakas,"Canakkale, Tr, Turkey",26.4,40.15
http://community-exchange.org/,Aevum Cordis,"Icod de los Vinos, Tenerife, Spain",-16.7,28.35
http://community-exchange.org/,ACES Cooperativa,"Valencia, Valencia, Spain",-0.739992,39.334334
http://community-exchange.org/,"SEL des artistes, reveurs, navigateurs et voyageurs du bout du monde","Rochefort, Charente maritime, France",-0.96694,45.94194
http://community-exchange.org/,Kearsarge Region Time Bank,"New London, New Hampshire, United States",-71.9851,43.414
http://community-exchange.org/,Central Arkansas Exchange Network,"Conway, Arkansas, United States",-92.4421,35.0887
http://community-exchange.org/,Porin/Ulvilan aikapankki,"Pori/Ulvila, Satakunta, Finland",21.79722,61.48472
http://community-exchange.org/,Indianapolis Family (and Friends) Barter and Trade,"Indianapolis, Indiana, United States",-86.1584,39.7683
http://community-exchange.org/,Cooperativa Integral Valladolid,"Valladolid, Valladolid, Spain",-4.72856,41.65198
http://community-exchange.org/,Yscambau,"Belo Horizonte, Minas Gerais, Brazil",-43.9451,-19.9227
http://community-exchange.org/,El Salero del Puerto: Red de Intercambio Social,"El Puerto de Santa Marรญa, Cรกdiz, Spain",-6.23815,36.60147
http://community-exchange.org/,Bracknell LETS,"Bracknell, Berkshire, United Kingdom",-0.7676362,51.4137689
http://community-exchange.org/,Banco Paranaense de tempo e trocas,"Conselheiro Mairinck, Paranรก, Brazil",-50.1707,-23.623
http://community-exchange.org/,Red de Moneda Social Oliva,"Sevilla, Espaรฑa, Spain",-5.98333,37.38333
http://community-exchange.org/,Colectivo tierra,"La rioja, Logroรฑo, Spain",-2.482702,42.283149
http://community-exchange.org/,Film Bank,"Los angeles, Ca, United States",-118.2439,34.0544
http://community-exchange.org/,Red de Intercambio de Badajoz,"Badajoz, Badajoz, Spain",-6.40917,38.68306
http://community-exchange.org/,Huerta Urbana,"Toledo, Toledo, Spain",-4.0333333333,39.8666666667
http://community-exchange.org/,Montequinto15M,"Montequinto, Sevilla, Spain",-5.98333,37.38333
http://community-exchange.org/,Trocas de Graรงa,"Graรงa e arredores, Lisboa, Portugal",-9.16667,38.71667
http://community-exchange.org/,Corpus Christi Exchange,"Corpus Christi, Texas, United States",-97.3956,27.8003
http://community-exchange.org/,CooperACTYVA,"Extremadura, Extremadura, Spain",-5.327057,39.451484
http://community-exchange.org/,Boyd County KY Community Exchange,"Boyd County, Kentucky, United States",-84.728711,37.823816
http://community-exchange.org/,UNet Information Trading Accounting System,"Los Angeles, California, United States",-118.2439,34.0544
http://community-exchange.org/,Kredits,"Albany, Auckland, New Zealand",174.7087,-36.7241
http://community-exchange.org/,Erasmus and Tourists in Spain,"All Spain, Comunidad Valenciana, Spain",0.3986654,41.53396
http://community-exchange.org/,Rosario sin dinero,"Rosario, Santa Fe, Argentina",-60.65,-32.95
http://community-exchange.org/,International Technology Trading Liberia Inc.,"Monrovia, Montserrado County, Liberia",-10.779029,6.297724
http://community-exchange.org/,Fluxo Quintal Mรณbile,"Vau cyberterra, Brazil",-51.619789,-9.588903
http://community-exchange.org/,First Louisiana Community Exchange Network ,"Baton Rouge, LA, United States",-91.1546,30.4507
http://community-exchange.org/,Proyecto Can Tia,"Santa Eulalia del Rio, Ibiza, Baleares, Spain",1.43278,38.90889
http://community-exchange.org/,Ecoxarxa La Safor - Valldigna,"La Safor - Valldigna, Valencia, Spain",-0.3964749,39.4137095
http://community-exchange.org/,ECU Complementary Private Currency,"Madrid, Madrid, Spain",-3.6919444444,40.4188888889
http://community-exchange.org/,The Dirty Farmer Exchange,"Clinton, Arkansas, United States",-92.4604,35.5915
http://community-exchange.org/,Cape St Francis/St Francis Bay Community Exchange,"Cape St Francis/St Francis Bay, Eastern Cape, South Africa",24.8332,-34.2079
http://community-exchange.org/,Community Exchange for Cooperatives,"Seoul, Korea, Korea (South)",127.03244,37.48373
http://community-exchange.org/,PEORIA IL EXCHANGE,"PEORIA, ILLINOIS, United States",-89.5891,40.6939
http://community-exchange.org/,3coin Exchange NL,"Netherlands, Netherlands, Netherlands",4.634996,51.72048
http://community-exchange.org/,Moneda alternativa,"Rota, Cรกdiz, Spain",-6.35996,36.62286
http://community-exchange.org/,Frederick Community College Exchange,"Frederick, Maryland, United States",-77.4106,39.4144
http://community-exchange.org/,Red 3 Sierras,"Sierras Alcaraz, Segura y del Segura, Jaen Albacete, Spain",-2.49046,38.66602
http://community-exchange.org/,El Pahtio Indignado,"L'Hospitalet, Barcelona, Spain",2.109264,41.360949
http://community-exchange.org/,Ecoxarxa de Menorca,"Menorca, Illes Balears, Spain",4.225663,39.865116
http://community-exchange.org/,Banco de Intercambio Ojos de Guadiana,"Villarrubia de los Ojos, Ciudad Real, Spain",-3.60747,39.21792
http://community-exchange.org/,Coopรฉrative Intรฉgrale Toulousaine,"Toulouse, Haute-Garonne, France",1.44194,43.60444
http://community-exchange.org/,Lichtenburg Community Exchange,"Lichtenburg, North West, South Africa",26.1597,-26.152
http://community-exchange.org/,The Community Builder Time Trade,"Canyon County, idaho, Idaho, United States",-116.4126738,47.5751928
http://community-exchange.org/,Les Fondus du Petit Marais,"Jemappes, Hainaut, Belgium",3.8833,50.4333
http://community-exchange.org/,Stillbay/Riversdale Community Exchange,"Stillbay, Western Cape, South Africa",22.05973,-32.679749
http://community-exchange.org/,Manticore,"Las Palmas de Gran Canaria, Espaรฑa, Spain",-15.43139,28.12722
http://community-exchange.org/,Comunidad de Intercambio de Jaen La Loma,"Baeza, Jaen, Spain",-3.46667,37.98333
http://community-exchange.org/,La Borrassa FSM,"Montserratรญ, Catalunya, Spain",2.127909,41.378601
http://community-exchange.org/,Moneda social de Santa Brรญgida,"Santa Brรญgida, Spain",-3.687282,40.428302
http://community-exchange.org/,Banco del Tiempo de Bรฉjar,"Bรฉjar, Salamanca, Spain",-5.66389,40.965
http://community-exchange.org/,Economรญa del Bienestar. Banco del Tiempo Montevideo,"Montevideo, Montevideo, Uruguay",-56.16667,-34.86694
http://community-exchange.org/,Blue Dollar Argentino,"Argentina, Argentina, Argentina",-58.409818,-34.598283
http://community-exchange.org/,Nadanta Moneda Interna,"Valladolid, Valladolid, Spain",-4.72856,41.65198
http://community-exchange.org/,Fern Forest Ohana,"Fern Forest, Hawaii, United States",-155.1302413,19.466704
http://community-exchange.org/,Daegu Community Exchange,"Daegu, Gyeongsangbuk Do, Korea (South)",127.03244,37.48373
http://community-exchange.org/,EcoXarxa Marina Alta,"Dรจnia, Alacant, Spain",-0.48306,38.34528
http://community-exchange.org/,Gran Canaria En Transiciรณn,"Las Palmas, Las Palmas de Gran Canaria, Spain",-15.43139,28.12722
http://community-exchange.org/,Pangjia Digital Currency,"Portland, Oregon, United States",-122.6742,45.5202
http://community-exchange.org/,"Talent-Tauschring e. V., Freiburg","Freiburg, Baden-Wรผrttemberg, Germany",7.84972,47.99472
http://community-exchange.org/,Moneda Social Atlรกntica,"Las Palmas de Gran Canaria, Las Palmas, Spain",-15.43139,28.12722
http://community-exchange.org/,Geopay.me Community Exchange,"Sitia, N. Lasithiou, Crete, Greece ",26.1,35.2
http://community-exchange.org/,Banco del Tiempo Xabia y Moneda Social,"Javea, Alicante, Spain",0.16306,38.78917
http://community-exchange.org/,Comunidad de Intercambio de Toledo El Bolo,"Toledo, Toledo, Spain",-4.0333333333,39.8666666667
http://community-exchange.org/,Catan Community Exchange,"Normanton, West Yorkshire, United Kingdom",-1.4194,53.6991
http://community-exchange.org/,Organic Food/Service Co-op,"Frankenmuth, Frankenmuth, MI, United States",-83.7381,43.3318
http://community-exchange.org/,"Aldea Integral, S. Cooperativa Galega","Vigo, Pontevedra, Spain",-8.71667,42.23333
http://community-exchange.org/,MEMO-Exchange Budapest,"Budapest, Budapest, Hungary ",19.0408333333,47.4983333333
http://community-exchange.org/,Ambrona la Bella,"Ambrona (Miรฑo de Medinaceli), Spain/Soria, Spain",-2.5084945,41.1657494
http://community-exchange.org/,White Fire Exchange,"Boulder, Colorado, United States",-105.2705,40.015
http://community-exchange.org/,Banca del Tempo di Arezzo,"Arezzo, AR, Italy",11.87806,43.46306
http://community-exchange.org/,Mikeyville Self Sustainable Community,"Benoni, Gauteng, South Africa",28.3208,-26.1885
http://community-exchange.org/,Rede Trocacomum Lagos,"Lagos, Algarve, Portugal",-8.66667,37.1
http://community-exchange.org/,EcoXarxa Valรจncia Centre,"Valencia, Spain, Spain",-0.375,39.46667
http://community-exchange.org/,Jyrkkรคlรคn Aikapankki,Finland,26.199539,62.777754
http://community-exchange.org/,Red de Bancos de Tiempo de la Repรบblica Dominicana,"Repรบblica Dominicana, Dominican Republic",-70.106722,18.606258
http://community-exchange.org/,Cedar-County Community Exchange,"El Dorado Springs, MO, United States",-94.0213,37.877
http://community-exchange.org/,Ecoxarxa de la Conca de Barberร ,"Conca de Barberร , Spain",-16.319222,28.490229
http://community-exchange.org/,Solidaridad Para Todos,"Stockholm, Stockholm, Sweden",18.06861,59.32944
http://community-exchange.org/,Moneda Social Jer&#243,"nimos, Sevilla, ES",-6.12592,37.3815
http://community-exchange.org/,Mauritius Community Exchange,"Mauritius, Mauritius, Mauritius",57.870755,-20.251868
http://community-exchange.org/,Myyrmรคen Aikapankki,"Uusimaa, Finland",25.065455,60.175068
http://community-exchange.org/,Nova Scotia LETS Timebank,"Dartmouth, Nova Scotia, Canada",-63.5723,44.6786
http://community-exchange.org/,Bank Czasu Wisz&#261,"ce Ogrody, Gda&#324, ",-73.635679,9.266076
http://community-exchange.org/,Arterra Bizimodu,"Artieda, Navarra, Spain",-1.830759,42.613133
http://community-exchange.org/,Gaborone Barter Exchange,"Gaborone, Botswana, Botswana ",25.90861,-24.65694
http://community-exchange.org/,The Ryze Community Exchange,"London, London, United Kingdom",-0.1275,51.5072222222
http://community-exchange.org/,Napoli Unione Natura Baratto,"Afragola, Napoli, Italy",14.31667,40.91667
http://community-exchange.org/,Banco de Tiempo de ASETRAD,"None, None, Spain",-4.055685,41.294856
http://community-exchange.org/,Kaiwaka Green Dollars,"Kaiwaka, Northland, New Zealand",174.45,-36.1667
http://community-exchange.org/,Faith Exchange,"Lodi, Ca, United States",-121.2724,38.1302
http://community-exchange.org/,Springfield Timebank,"Springfield/Nixa/Ozark, Missouri, United States",-93.2983,37.2153
http://community-exchange.org/,Lahore Community Exchange,"Lahore, Punjab, Pakistan",74.360106,31.497754
http://community-exchange.org/,Swansea Within A Network,"Swansea, Wales, United Kingdom",-3.9468,51.6211
http://community-exchange.org/,Red de Intercambio Solidario Saja,"Cantabria Occidental, Cantabria, Spain",-3.804376,43.464498
http://community-exchange.org/,Bosc de temps d'Ardericรณ,"Berguedร , Barcelona, Spain",2.17694,41.3825
http://community-exchange.org/,SouthWest Peloponnese Community Exchange,"ฮฯฮญฯฯฮตฮฝฮฑ - Krestena, Ilias, Greece ",21.63333,37.61667
http://community-exchange.org/,Comunidad de Intercambio Mediterraneo,"Segorbe, Castellรณn, Spain",-0.48955,39.8519
http://community-exchange.org/,Bath Community Exchange,"Bath, Somerset, United Kingdom",-2.8900816,51.1442534
http://community-exchange.org/,Chiang Mai Community Exchange,"Chiang Mai, Chiang Mai, Thailand",98.98333,18.78889
http://community-exchange.org/,Trapi EcoSocial,"Ribagorza Oriental, Huesca, Spain",0.480218,42.109149
http://community-exchange.org/,Ecos,"Castellon de la Plana, Castellon de la Planas, Spain",-0.05,39.97
http://community-exchange.org/,Cegep de Granby Time Share,"Granby, Quebec, Canada",-72.7329,45.408
http://community-exchange.org/,Moneda Social De Paterna,"Paterna, Valencia, Spain",-0.44056,39.50278
http://community-exchange.org/,Navapalos Comunidad de Intercambio,"Navapalos, Soria, Spain",-3.1063791,41.5374924
http://community-exchange.org/,Time Exchange Yaounde Cameroon,"Yaounde, Cameroon, Cameroon",11.520526,3.864768
http://community-exchange.org/,Colorado Springs Community Exchange,"Colorado Springs, Colorado, United States",-104.8253,38.834
http://community-exchange.org/,Victoria Common Exchange System,"Greater Victoria, BC, Canada",-123.3649,48.4283
http://community-exchange.org/,Comunidad de Intercambio Sampo,"Santo Domingo, Dominican Republic",-69.89333,18.47639
http://community-exchange.org/,Appleseed Recycling Trust,"West Auckland, North Island, New Zealand",174.78333,-36.85
http://community-exchange.org/,Tisnovska Sousedska Vypomoc,"Tisnov, Czech Republic",16.4244,49.34875
http://community-exchange.org/,General Post Exchange,"Center Hill Township, Washington State, United States",-81.9926,28.65
http://community-exchange.org/,New Heliopian Exchange,"Miami, Florida, United States",-80.1937,25.7743
http://community-exchange.org/,MaconAgora,"Macon, Georgia, United States",-83.6324,32.8407
http://community-exchange.org/,Red Intercambio Economico Sefarad,"Baltimore, Maryland, United States",-76.6108,39.2909
http://community-exchange.org/,Happy Camp Republic Exchange,"State of Jefferson, United States",-94.354716,32.75827
http://community-exchange.org/,Moneda social de Soria,"Soria, Soria, Spain",-2.46667,41.76667
http://community-exchange.org/,Huntly Tuhookainuku Community Exchange,New Zealand,171.7799,-41.838875
http://community-exchange.org/,Pend Oreille Pledge System,"Priest River, Idaho, United States",-116.9094,48.1807
http://community-exchange.org/,The Hive,"Garberville, Redway, California, United States",-123.795,40.1001
http://community-exchange.org/,Bionatus,"Terrassa, Barcelona, Spain",2.00806,41.56111
http://community-exchange.org/,Comunidad Kalanchoes,"Pulpi - Almerรญa., Spain",-1.75076,37.40185
http://community-exchange.org/,Scr Opa Andalucia,"Sevilla, Spain",-5.98333,37.38333
http://community-exchange.org/,North West Community Exchange,"Lichtenburg, North West, South Africa",26.1597,-26.152
http://community-exchange.org/,Comunitat d'intercanvi Edutictac,Spain,-4.055685,41.294856
http://community-exchange.org/,Xarxa d'Intercanvi El Sacre,"Elx, Spain",2.183229,41.375168
http://community-exchange.org/,Ecoxarxa Bionatus Valles Occidental,"Terrassa - Barcelona, Spain",2.00806,41.56111
http://community-exchange.org/,Ecotracte.org,"Vic, Barcelona, Spain",2.25583,41.93111
http://community-exchange.org/,EcoXarxa Marina Baixa,"MARINA BAIXA, Spain",-0.135033,38.6208238
http://community-exchange.org/,M Beazley Inc,New Zealand,171.7799,-41.838875
http://community-exchange.org/,CET Time Bank,"Buenos Aires, Argentina",-58.439558,-34.617803
http://community-exchange.org/,Banco รtico Libertaria de Argentina,"Buenos Aires, CABA, Argentina",-58.439558,-34.617803
http://community-exchange.org/,ARCOTEN Trade Exchange Network,Jordan,36.435863,31.010192
http://community-exchange.org/,Ramificats,"Petrer, Alicante, Spain",-0.76667,38.48333
http://community-exchange.org/,"Central & South Phoenix, Tempe","Phoenix, Arizona, United States",-112.0773,33.4486
http://community-exchange.org/,Circulo7,"Mexico, Mexico",-99.82173,19.327691
http://community-exchange.org/,Nekopenmarket,"Vermont, United States",-72.772265,43.872754
http://community-exchange.org/,Macon Georgia Macon Credit,"Macon, Georgia, United States",-83.6324,32.8407
http://community-exchange.org/,Vanuatu Oanao Gift Pay,Vanuatu,167.718149,-16.255052
http://community-exchange.org/,Castle Coin Community Exchange,"Edinburgh, Scotland, United Kingdom",-3.1931,55.9484
http://community-exchange.org/,Mercados Comunitarios,"Tlalpan, Mexico, Mexico",-99.1657,19.2787
http://community-exchange.org/,Red de Moneda Social El Alcor,"El Viso del Alcor, Sevilla, Spain",-5.71889,37.38861
http://community-exchange.org/,Proudly Porterville,"Porterville, South Africa",18.992821,-33.01745
http://community-exchange.org/,Placeres sociales de Plasencia,"Plasencia, Spain",-6.09083,40.0275
http://community-exchange.org/,Sacred Artisan's Gift Exchange,"Richland, Missouri, United States",-92.4043,37.857
http://community-exchange.org/,Schimb de Servicii Bacau,"Bacau, Romania",26.91667,46.58333
http://community-exchange.org/,Ecoxarxa d'Intercanvis Vall d'Albaida,"Ontinyent, Valencia, Spain",-0.60722,38.82222
http://community-exchange.org/,LIBERI,"Roma, Italy",12.48278,41.89306
http://community-exchange.org/,Merton Exchange Rural Trading Scheme,"Merton, North Devon, United Kingdom",-4.0954,50.8905
http://community-exchange.org/,Eco Mercado Ibiza Eivissa,"Ibiza, Baleares, Spain",1.43278,38.90889
http://community-exchange.org/,Durham Region Community Exchange,"Ajax, Canada",-79.0242,43.8492
http://community-exchange.org/,One Art Community Exchange,"Drexel Hill, PA, United States",-75.2921,39.9471
http://community-exchange.org/,North Devon LETs,"Bideford, Devon, United Kingdom",-4.2064,51.0181
http://community-exchange.org/,Eco-nomy,"Jerusalem, Israel ",35.186166,31.771667
http://community-exchange.org/,Moniรครคnisten aikapankki,"Helsinki, Finland",24.94861,60.17333
http://community-exchange.org/,Mujeres Emprendedoras De Javea,"Javea, Alicante, Spain",0.16306,38.78917
http://community-exchange.org/,Intercambio Consciente para la Abundancia,"Valencia, Spain",-0.375,39.46667
http://community-exchange.org/,Red de Trueque Solidario de Guatemala,"Quetzaltenango, Guatemala ",-91.51889,14.84583
http://community-exchange.org/,Maaret R,"Helsinki, Finland",24.94861,60.17333
http://community-exchange.org/,ฮฮฝฮฑฮปฮปฮฑฮบฯฮนฮบฮฎ ฮฯฮฟฮบฮฟฯฯฮฝoฯ / Alternative Apokoronas,"ฮงฮฑฮฝฮนฮฌ, Crete, Greece ",24.941536,35.287048
http://community-exchange.org/,Geopay.me Community Exchange (USA),"Clearwater, Florida, United States",-82.8001,27.9659
http://community-exchange.org/,BTCoin Moneda Tecnolรณgica Participativa,"Murcia, Murcia, Spain",-1.13028,37.98611
http://community-exchange.org/,Red Intercambio Coquimbo,"Coquimbo, Elqui, Chile",-71.33333,-29.95
http://community-exchange.org/,Eco Market International Nepal,"Kathmandu, Nepal, Nepal",85.36667,27.71667
http://community-exchange.org/,la TRIBU me CUIDA,"Santa eulalia del rรญo, IBIZA, Spain",1.53361,38.98472
http://community-exchange.org/,Red solidaria de moneda social El Esquimo.,"Arahal, SEVILLA, Spain",-5.54528,37.2625
http://community-exchange.org/,Canarias Unida por el Autosostenimiento,"Las Palmas, Las Palmas de Gran Canaria, Spain",-15.43139,28.12722
http://community-exchange.org/,YOurs,"Kings Lynn, Norfolk, United Kingdom",0.3965,52.7549
http://community-exchange.org/,ARETE Networks,"Espoo, Finland",24.66,60.21
http://community-exchange.org/,Tableview Urban farming Co-op,"Parklands, South Africa",18.5025,-33.8144444444
http://community-exchange.org/,The Integral Center Gift & Trade Circle,"Lafayette, Colorado, United States",-105.0897,39.9936
http://community-exchange.org/,Man Of God Community Exchange,"Athens, Greece ",23.71667,38
http://community-exchange.org/,ฮฮฝฮฑฮปฮปฮฑฮบฯฮนฮบฮฎ ฮฯฮฎฯฮท /Alternative Crete,"ฮฯฮฎฯฮท, Crete, Greece ",24.941536,35.287048
http://community-exchange.org/,Honor,"Malaga, Spain",-4.41667,36.71667
http://community-exchange.org/,Bionatus Ecologisch Netwerk Achterhoek,Netherlands,5.600489,52.21158
http://community-exchange.org/,ฮ ฮฑฮณฮฑฮฝฮญฮปฮน,"Corfu, Greece ",19.91667,39.61667
http://community-exchange.org/,TimeCHI,"Greenville, Rhode Island, United States",-71.552,41.8712
http://community-exchange.org/,Eco Mercado Internacional Chile,"La Serena, Chile",-71.25,-29.9
http://community-exchange.org/,SASKATOON Exchange Club Canada,"Bonnyville Beach, Alberta, Canada",-110.866181,54.229282
http://community-exchange.org/,Community Exchange Limerick,"Limerick, Limerick, Ireland",-8.6333333333,52.6666666667
http://community-exchange.org/,South Jersey Holistic Exchange,"Mantua, South Jersey, United States",-81.224,41.2839
http://community-exchange.org/,EBICOM Cooperativa de Intercambios Equivalentes,"San Miguel de Allende, Guanajuato, Mexico",-100.74389,20.91528
http://community-exchange.org/,time-trade,"Nidau, Seeland BE, Switzerland",7.24028,47.12556
http://community-exchange.org/,Bonners Ferry Barter Network,"Bonners Ferry, Idaho, United States",-116.3161,48.6913
http://community-exchange.org/,Provo Talents Exchange,"Providenciales, Turks and Caicos Islands",-72.2833,21.7833
http://community-exchange.org/,Camino Xtremo Comunidad Intercambio,"Mexico, Distrito Federal, Mexico",-99.17,19.41
http://community-exchange.org/,ฮงฮฮกฮฮฮ - GIFTS,"ฮฯฮฎฯฮท, Crete, Greece ",24.941536,35.287048
http://community-exchange.org/,Mandala Group,"Sevilla Compound, Trinidad & Tobago",-6.0647814,37.5489113
http://community-exchange.org/,Puerto Escondido Cambio System,"Puerto Escondido, Oaxaca, Mexico",-96.7278836,17.0414274
http://community-exchange.org/,Vilcabamba Community Trueque,"Vilcabamba, Loja, Ecuador",-79.2,-3.98333
http://community-exchange.org/,Eureka Stress Busters,"Eureka Springs, Select a State:Arkansas, United States",-93.7392,36.4001
http://community-exchange.org/,Comunitร  di scambi,"Darfo Boario Terme, Bergamo, Italy",9.67,45.695
http://community-exchange.org/,Star Hours Exchange System,"Macon, Georgia, United States",-83.6324,32.8407
http://community-exchange.org/,Moneda Social Tatรบ,"Montevideo, Montevideo, Uruguay",-56.16667,-34.86694
http://community-exchange.org/,Ecoopera Accion Integradora,"Valladolid, Castilla y Leรณn, Spain",-4.697991,41.706559
http://community-exchange.org/,Edmonds Community Exchange,"San Francisco, California, United States",-122.463,37.7648
http://community-exchange.org/,Nuevo servicio recorte de letras adhesivas,"Puebla de Alcocer, Badajoz, Spain",-5.25778,38.985
http://community-exchange.org/,Stoerhuus Exchange Service,"Brugge, Belgium",3.22,51.20944
http://community-exchange.org/,Donostin Trukea,"Donostia, Gipzkoa, Spain",2.043077,41.347332
http://community-exchange.org/,Serviusuaries Internal ECO xarxa,"Valencia, Valencia, Spain",-0.739992,39.334334
http://community-exchange.org/,Encinitas Barter & Exchange,"Encinitas, California, United States",-117.292,33.037
http://community-exchange.org/,Iowa City Time Exchange,"Iowa City, IA, United States",-91.5299,41.6613
http://community-exchange.org/,Kvit og Frit pรฅ Langeland,"Nordenbro, Langeland, Denmark",10.713452,54.785501
http://community-exchange.org/,Auckland Muslim Association,"Auckland, Auckland, New Zealand",174.65,-36.9
http://community-exchange.org/,Groot Marico Community Exchange,"Groot Marico, North West Province, South Africa",26.4,-25.6
http://community-exchange.org/,Infinite Infinity Light of God Technologies,"Rรผsselsheim, Hessen, Germany",9.019167,50.526771
http://community-exchange.org/,Sistema de Intercambio Bolivar Progresa,"Cartagena, Bolivar, Colombia ",-75.5075,10.4588
http://community-exchange.org/,DIENSTENRUIL COMMUNITY,"Doetinchem, Gelderland, Netherlands",6.28333,51.96667
http://community-exchange.org/,ComShap,"Tel Aviv, Israel ",34.7667,32.0667
http://community-exchange.org/,Lokaal Geld Arnhem,"Arnhem, Gelderland, Netherlands",5.91667,51.98333
http://community-exchange.org/,Northeast London Community Exchange,"London, Ontario, Canada",-81.246,42.9881
http://community-exchange.org/,Comunidad Monetaria de Sarriguren,"Sarriguren, Navarra, Spain",-1.5960406,42.8001677
http://community-exchange.org/,Alternativni sporty Slavkov,"Slavkov, Moravskoslezsky kraj, Czech Republic",17.83646,49.9218
http://community-exchange.org/,I-Fundi Community Exchange,"Sandton, Gauteng, South Africa",28.0589,-26.0545
http://community-exchange.org/,Cornwall CONNECT Community Exchange,"Cornwall Ontario, Ontario, Canada",-74.7309,45.0205
http://community-exchange.org/,Vermaaklikheid community exchange,"Vermaaklikheid, Western Cape, South Africa",22.05973,-32.679749
http://community-exchange.org/,New Service Exchange,"Ahmedabad, Gujarat, India",72.58,23.03
http://community-exchange.org/,Genรจve Community Exchange,"Meyrin, Genรจve, Switzerland",6.06667,46.21667
http://community-exchange.org/,Marco de Canaveses exchange,"Marco de Canaveses, Porto, Portugal",-8.21444,41.11389
http://community-exchange.org/,Tinley Park Community Exchange System,"Tinley Park, IL, United States",-87.7845,41.5734
http://community-exchange.org/,Creaciones Generosas Comunes,"Nerja, Malaga, Spain",-3.87902,36.74686
http://community-exchange.org/,3r ESO B SOCIALS,"Ripoll, Gerona, Spain",2.19027,42.20108
http://community-exchange.org/,Berkshire Community Barter Network,"Great Barrington, Berkshire County / MA, United States",-73.3621,42.1959
http://community-exchange.org/,Ecoxarxa territori Sรฉnia,"Territori a banda I banda del riu Sรฉnia, Spain",-4.055685,41.294856
http://community-exchange.org/,Kooperativa ROG,"Ljubljana center, Ljubljan, Slovenia",14.584565,46.058145
http://community-exchange.org/,Grano pugliese,"Barletta, Barletta-Andria-Trani, Italy",16.28333,41.31667
http://community-exchange.org/,Moneda Virtual de Sant Joan de les Abadesses,"Sant Joan de les Abadesses, Ripollรจs, Spain",2.28667,42.23611
http://community-exchange.org/,Noocratic Open Market Exchange ,"Karankawa (Houston), Tayas (Texas), United States",-95.3677,29.7589
http://community-exchange.org/,Caledon & Dufferin County Exchange,"Orangeville, Caledon & Dufferin County, Ontario, Canada",-80.026641,44.11753
http://community-exchange.org/,Clonakilty Favour Exchange,"Clonakilty, Cork, Ireland",-8.887,51.6229
http://community-exchange.org/,CSO el Molรญ,"La Font d'en Carrรฒs, Valencia, Spain",-0.302099,39.015209
http://community-exchange.org/,Searcy County Community Exchange,"Harriet, Arkansas, United States",-92.5204,35.9934
http://community-exchange.org/,Bognor Regis Community Exchange,"Bognor Regis, West Sussex, United Kingdom",-0.6731,50.7835
http://community-exchange.org/,Miami Valley Maker Exchange,"Dayton, Ohio, United States",-84.1916,39.7589
http://community-exchange.org/,The Peoples University Exchange,"Santa Rosa, Sonoma, California, United States",-122.7144,38.4405
http://community-exchange.org/,Grupo de intercambio Matria ,"Cabana-unquillo, Cordoba, Argentina",-64.18333,-31.41667
http://community-exchange.org/,The Southern Currency Union,"Atlanta, GA, United States",-84.3902,33.7491
http://community-exchange.org/,Persian sharing community,"Toronto, Ontario, Canada",-79.3849,43.6529
http://community-exchange.org/,Bristol Community Exchange,"Bristol, United Kingdom",-2.5974,51.4535
http://community-exchange.org/,Laguna Woods Community Exchange,"Laguna Woods, Orange County, CA, United States",-117.725,33.6106
http://community-exchange.org/,Powell River Common Exchange,"Powell River,British Columbia, Canada",-124.5244,49.8357
http://community-exchange.org/,Kalen Community Exchange,"Skopje, Skopje, Macedonia",21.360685,42.008509
http://community-exchange.org/,Asapcyl,"Becerril, Castilla y leon, Spain",-2.824134,42.765485
http://community-exchange.org/,Dublin Swap Shop,"Dublin, Dublin, Ireland",-6.267494,53.344104
http://community-exchange.org/,Le coin de neuilliens,"Neuilly-Sur-Seine, Ile-de-France, France",2.2675,48.88722
http://community-exchange.org/,Living in Place,"Albany, New York, United States",-73.755,42.6512
http://community-exchange.org/,ZA Dinar Exchange,"Cape Town, Western Province, South Africa",18.4289,-33.9351
http://community-exchange.org/,Laughing Oak Village Community Exchange,"Fallbrook, CA, United States",-117.2511,33.3764
http://community-exchange.org/,Eastern Bay of Plenty Community Exchange,"Whakatane, Bay of Plenty, New Zealand",177,-37.98333
http://community-exchange.org/,Gruppo Mutuo Aiuto PU,"Fossombrone, Pesaro e Urbino, Italy",12.80612,43.68896
http://community-exchange.org/,Mixiuhca,"Ciudad de Mรจxico, Ciudad de Mรจxico, Mexico",10.018343,51.133481
http://community-exchange.org/,"XCTIT, CES Red de ciencia, tรฉcnica y tecnologia","Mataro, Barcelona, Spain",2.45,41.53333
http://community-exchange.org/,Southeast Georgia exchange,"Statesboro, Bulloch, United States",-81.790178,32.450893
http://community-exchange.org/,Banco del Tiempo de San Agustรญn del Guadalix,"San Agustรญn del Guadalix, Madrid, Spain",-3.6132735,40.7657575
http://community-exchange.org/,Univest Skills Exchange (Swaziland),"Manzini, Manzini, Swaziland",31.411123,-26.508291
http://community-exchange.org/,Comunidad de intercambio Santa Elena,"Medellรญn, Santa Elena, Colombia ",-75.498156,6.210209
http://community-exchange.org/,hOur Credits Time Exchange,"U.K., South West, United Kingdom",-0.221003,51.501577
http://community-exchange.org/,North Peace Community Exchange Network,"Fort St. John, BC, Canada",-120.8529,56.2499
http://community-exchange.org/,Red Ocumareรฑa Comunal de Intercambio Solidario,"Ocumare del Tuy, Miranda, Venezuela",-66.549881,10.34101
http://community-exchange.org/,Harling and District Time Bank,"East Harling, Norfolk, United Kingdom",0.966644,52.434284
http://community-exchange.org/,Benimaclet Grup de Moneda Social,"Valencia, 46020, Spain",-0.35369,39.486534
http://community-exchange.org/,GOLDMind Community Exchange,"Enola, PA, United States",-76.9339,40.2901
http://community-exchange.org/,South Okanagan Community Exchange System,"Oliver, BC, Canada",-119.55,49.1833
http://community-exchange.org/,Rete di scambio PU,"Urbino, PU, Italy",12.6372,43.72524
http://community-exchange.org/,Barter Income Technology System,"Madison, Mississippi, United States",-90.1154,32.4618
http://community-exchange.org/,Cornwall Community Exchange,"Redruth, Cornwall, United Kingdom",-5.2276,50.234
http://community-exchange.org/,Santa Cruz Exchange,"Santa Cruz, Santa Cruz, United States",-122.0294,36.9746
http://community-exchange.org/,Valencia Intercambia Red Autogestionada,"Valencia, Valencia, Spain",-0.739992,39.334334
http://community-exchange.org/,Mercat Alcalco,"Alcala de xivert, Castellon, Spain",0.22509,40.30418
http://community-exchange.org/,EDUC,"Burgos, Burgos, Spain",-3.69972,42.34083
http://community-exchange.org/,La Teranyina,"Mediona-Miralles-Llacuna, Barcelona / Catalunya, Spain",1.62181,41.53049
http://community-exchange.org/,Munitario,"Buenos Aires, Buenos Aires, Argentina",-58.373161,-34.608418
http://community-exchange.org/,Petersburg Creative Union,"Saint-Petersburg, SPB, Russia",30.298715,59.925629
http://community-exchange.org/,Facultad de Econรณmicas Sevilla,"Sevilla/Sevilla/RyC S/N, Espaรฑa/Andalucรญa/Sevilla, Spain",-5.98333,37.38333
http://community-exchange.org/,Living Light Circle,"San Juan, PR, Puerto Rico",-66.0571,18.3744
http://community-exchange.org/,Oasis Community Exchange,"Sacramento, CA, United States",-121.2981,38.4732
http://community-exchange.org/,Zoquito Red De Moneda Social,"Jerez de la Frontera, Cรกdiz, Spain",-6.11667,36.7
http://community-exchange.org/,Lapuan Aikapankki - Hymyjรค lรคheiselle,"Lapua, Etelรค-Pohjanmaa, Finland",23.00694,62.97083
http://community-exchange.org/,Green community,"Arcos de Valdevez, Portugal, Portugal",-8.41861,41.84722
http://community-exchange.org/,Manawatu Community Exchange,"Manawatu, New Zealand",175.782,-40.093
http://community-exchange.org/,Trocador,"Sรฃo Joรฃo da Madeira, Aveiro, Portugal",-8.65528,40.63889
http://community-exchange.org/,Dubai also exchanges,"Dubai, Dubai, United Arab Emirates",55.419541,25.123486
http://community-exchange.org/,Beira Baixa Community Exchange,"Castelo Branco, Castelo Branco, Portugal",-7.49194,39.82389
http://community-exchange.org/,Dukedom Grand Dollar,"Houston, Texas, United States",-95.3677,29.7589
http://community-exchange.org/,Republic Of Karos,"Reus, Tarragona, Spain",1.10833,41.15556
http://community-exchange.org/,PRINCIPALITY,"Benoni, Gauteng, South Africa",28.3208,-26.1885
http://community-exchange.org/,Red de Intercambio MUYU,"Nacional, Nacional, Ecuador",-78.432915,-1.160171
http://community-exchange.org/,BCE Goods Exchange,"Belfast, ME, United States",-69.0064,44.4259
http://community-exchange.org/,Laagri ajapank,"Laagri, Saue vald, Estonia",24.6,59.35
http://community-exchange.org/,LETS in PERNIK,"Pernik, Sofia, Bulgaria",23.33333,42.7
http://community-exchange.org/,Egara Exchange,"Terrassa, Barcelona, Spain",2.00806,41.56111
http://community-exchange.org/,Banka vremena - ลฝivi atelje,"Zagreb, Zagreb, Croatia",15.97333333,45.81541667
http://community-exchange.org/,Dzielnik Twรณrcรณw Dobra,"ลbiska, Mazowieckie, Poland",21.564398,52.250173
http://community-exchange.org/,Kent County Community Exchange,"Rochester, Kent, United Kingdom",0.5049,51.3891
http://community-exchange.org/,Economics Basics FACDYC,"San Nicolรกs, Nuevo Leรณn, Mexico",-102.532867,23.950464
http://community-exchange.org/,Northern Colorado Mutual Aid and trading society,"Fort Collins, CO, United States",-105.0668,40.5509
http://community-exchange.org/,Banco de Tiempo Alcantara,"Sella, Alicante, Spain",-0.27278,38.60833
http://community-exchange.org/,South Island Trade Exchange,"east coast, South Island, New Zealand",171.7799,-41.838875
http://community-exchange.org/,Comunidad de Intercambio de Bienes y Servicios,"Aviles, Asturias, Spain",-5.92222,43.55611
http://community-exchange.org/,Stockmoor & Wilstock Timebank,"Bridgwater, Somerset, United Kingdom",-3.0037,51.1283
http://community-exchange.org/,Puerto Viejo Exchange,"Puerto Viejo, Limรณn, Costa Rica",-84.0096613392,10.4541312069
http://community-exchange.org/,Worldschooling Central Community Exchange,"Global, International",-114.066552,51.049628
http://community-exchange.org/,Zululand Community Exchange,"Richards Bay, Kwazulu Natal, South Africa",32.0377,-28.783
http://community-exchange.org/,Cumby Exchange,"Cumberland, BC, Canada",-125.0278,49.6191
http://community-exchange.org/,Brighton & Hove Community Exchange,"Brighton & Hove, East Sussex, United Kingdom",-0.1374,50.822
http://community-exchange.org/,#Xperience,"Paris, France",2.320582,48.859489
http://community-exchange.org/,Reg-Ceen Porvety,"Mokhotlong, Lesotho, Lesotho",28.977315,-29.168555
