title,latitude,longitude,description,url
34 AgaSEL,43.30986,3.47778,34300 AGDE (pas Selidiare),
91 SEL des 2 vals,48.70714,2.44196,91270 VIGNEUX sur SEINE (pas Selidiare),
31 SEL Cocagne ,43.59363,1.43689,31031 TOULOUSE (pas Selidiare),
31 SELjaime,43.59018,1.46745,31400 TOULOUSE (pas Selidiare),
53 PhiSEL - SEL en cours de creation,48.41744,-0.90893,53120 GORRON (pas Selidiare),https://boutsdephisel.communityforge.net
01 SEL Bressan,46.20969,5.2422,01000 Bourg-en-Bresse (pas Selidiare),https://sel-bressan.frama.site
40 SEL du lac,43.7259,-1.04921,40990 St Paul-lès-Dax (pas Selidiare),http://www.seldulac40.fr
75 SEL de Lutece,48.83467,2.3102,75015 PARIS Rue Georges Pitard (pas Selidiare),
01 Talent SEL,45.93509,4.8237,01600 REYRIEUX,https://www.facebook.com/TalentSEL/
02 Sel de Laon,49.56413,3.61988,02000 LAON,
02 Sel du Gobanais,49.58514,3.24037,02300 Autreville,http://seldugobanais.communityforge.net
02 SEL des vallons,49.51377,3.48281,02320 LIZY,
03 SEL Sud Allier,46.11763,3.40235,03700 BELLERIVE Sur Allier,
03 La pompe bourbonnaise,46.34154,2.60199,03100 Montluçon,http://seldemontlucon.communityforge.net
03 CEP (Convivialité Echange Partage ),46.38129,3.30123,03500 Monetay sur Allier,
03 SEL en Pays Saint Pourcinois,46.38129,3.30123,03500 Saint Pourçain sur Sioule,
03 SEL Est Allier,46.37933,3.59161,03220 Jaligny sur Bresbre,
04 Carrefour du sel,43.98879,5.95153,04190 Les Mées,
04 SEL du pays de Forcalquier,43.95993,5.78071,04300 Forcalquier,https://www.maisondelafamilleforcalquier.com/le-cafe-papote-du-lundi
05 SEL briançonnais,44.89941,6.64317,05100 Briançon,http://seldebriancon.communityforge.net/
05 la BELLE de Gap,44.55963,6.07975,05000 Gap,http://labelleseldegap.communityforge.net/
05 Le galet du buech,44.31527,5.82164,05300 Laragne-Montéglin,http://legaletdubuech.communityforge.net/
06 SEL des 100 boules,43.59901,7.10363,06600 Antibes,http://semboules.communityforge.net/
06 SEL du Baou de Vence,43.67861,7.21828,06200 NICE 3 avenue Raoul Dufy,
06 SEL06 Baie des Anges,43.72579,7.25503,06100 Nice 52 Avenue du ray,
06 SEL de Nice Azur Provence,43.70696,7.28503,06300 Nice 20 rue Thaon de Revel,http://www.seldenice.org
06 Sel du Citron,43.76337,7.44354,06190 Roquebrune Cap Martin,http://selducitron.communityforge.net/
07 SELajoie,44.47935,4.24021,07260 Joyeuse,https://www.facebook.com/Selajoie07/
07 Baïla SEL de la vallée de l'Auzon,44.55346,4.44815,07170 Saint Germain,
07 TerSEL07,45.08642,4.62796,07410 SAINT FELICIEN,http://tersel07.communityforge.net
07 AubenaSel,44.6209,4.38986,07200 Aubenas,
09 Sel Pyrénéen,43.08822,1.87372,09500 Mirepoix,http://pyreneen.communityforge.net/
10 Sel du pays d'Othe,48.22167,3.92398,10190 Vauchassis,http://www.sel-pays-othe.org/
10 Sel 99 (aube + yonne soit 10+89),48.02561,3.9127,10130 Chessy les pres,http://sel99.fr
10 SEL des Viennes,48.29319,4.05649,10300 Sainte Savine,
11 Sel de la Terre,43.05328,2.21814,11300 Limoux,http://seldelaterre11.communityforge.net
11 SEL du Minervois,43.28451,2.8966,11120 Mirepeisset,
11 SEL des Corbières,42.99579,2.81372,11360 Durban Corbières,
11 Unis vers Sel,43.20368,2.41051,11000 Narbonne,
12 SEL de Rodez,44.34404,2.57816,12000 Rodez,http://selderodez.communityforge.net
12 Sel du Néflier,44.51862,2.25319,12110 AUBIN,http://sel-du-neflier.blogspot.fr/
12 Sel St Affricain,43.95818,2.88712,12400 Saint-Affrique,http://selsaintaffrique.org/spip/
13 Boite à SEL,43.66059,5.25799,13410 Lambesc,
13 Crocosel,43.65672,5.34162,13840 Rognes,
13 Provensel,43.64993,5.07027,13300 Salon de Provence,http://www.provensel.org
13 RémySEL,43.78277,4.8728,13210 St Rémy de Provence,http://sel-saintremy.communityforge.net/
14 Sel de l'Odon,49.07692,-0.62066,14310 Epinay sur Odon,
14 Guillaume Sel,9.19233,-0.37964,14000 Caen,https://seldecaen.home.blog/ 
14 SEL de la Baie,49.24856,-0.23469,14860 Amfréville,
15 Sel-Florain,45.03302,3.09486,15100 Saint-Flour,http://sel-florain.eklablog.com/
17 Fleur de sel,45.74417,-0.63338,17100 Saintes,http://www.saintes-fleur-de-sel.fr/index.html
17 RoyanSel,45.62302,-1.04318,17200 Royan,http://royansel.com
"Sel de la Rochelle, l'Arbre",46.16032,-1.15113,La Rochelle,
17 Clef de SEL,45.94362,-0.89157,17430 TONNAY CHARENTE,http://laclefdesel.fr
17 Seloir,46.00474,-0.948,17870 Loire les Marais,http://seloir.jimdo.com
17 UneîleverSEL,46.0333,-1.37992,17650 St Denis d'Oléron,http://uneileversel.communityforge.net
17 SEL des bio thérapeutes,45.98142,-1.04102,17450 St Laurent de la Prée,http://seldesbiotherapeutes.org/
18 Tournesel,46.72968,2.49437,18300 Saint Amand Montrond,http://tournesel18.communityforge.net
18 Pas seuls en sel,47.08182,2.40393,18000 Bourges,http://seldebourges.communityforge.net/
19 UNISoVERT,45.38244,2.27254,19160 NEUVIC,
21 SELlier du Dijonnais,47.32379,5.03861,21000 Dijon,http://dijon.communityforge.net/home
21 MariSEL,47.51938,5.13213,21120 Marcilly sur Tille,
22 SEL du Tregor,48.65408,-3.63076,22310 Plestin les Grèves,
22 Sel de l'Argoat,48.56136,-3.14835,22200 Guingamp,https://selargoat.communityforge.net
22 Sel Briochin,48.51418,-2.76583,22000 Saint Brieuc,www.selbriochin.fr
22 Les Troqueurs de lin,48.23573,-2.73375,22600 LA MOTTE,http://troqueurs-de-lin.communityforge.net/
24 Sel du Périgord Pourpre,44.8538,0.48339,24100 Bergerac,https://sel-perigord-pourpre.jimdo.com/
24 SEL du Périgord Central,45.25031,0.78431,24750 Cornille,
24 SEL des Bastides,44.66862,0.39772,24500 Eymet,http://seldesbastides.communityforge.net
25 SELiv25,47.18451,5.99126,25720 PUGEY ,www.seliv25.fr
25 SEL Nord Doubs,47.47115,6.6883,25260 LOUGRES,https://selnorddoubs.seliweb.net/public/fr/index.php
25 Haut Doubs SEL,46.9041,6.35424,25300 Pontarlier,
25 SEL de Besancon,47.27111,6.02824,25000 Besançon,https://besansel.fr/
26 SEL en Sauze,44.60324,4.81967,26740 Sauzet,http://www.selensauze.fr 
26 Sel des deux rives,45.04894,5.01463,26100 Romans-sur-Isère,www.sel-des-deux-rives.org
84 Seleil8426,44.3566,4.92783,84820 Visan chemin de l'Houle,http://seleil.communityforge.net/
26 SEL de Crest,44.72827,5.02407,26400 Crest,http://leseldecrest.communityforge.net
26 MonbeauSEL,44.86095,4.94136,26760 Beaumont-les-Valence,http://www.monbeausel.org
26 Vivantsel,44.92272,4.90871,26000 Valence,http://www.vivantsel.org/
27 Sel de Risle,49.35488,0.51429,27500 Pont Audemer,http://risle.communityforge.net/
27  Sel'rise,49.08239,1.47655,27200 Vernon,http://sel-vernon.fr/
27 SEL des KOKLIKOTS,49.10112,1.58891,27620 Gasny,http://www.gasny.fr/fr/association/1/30634/les-coquelicots-vexin-normand
28 Chartres en Sel,48.44385,1.48901,28000 Chartres,https://chartresensel.seliweb.net/public/fr/index.php
SEL'Alternative,48.80054,1.50171,,http://www.sel-alternative.org/
28 Sel de Senonches,48.55966,1.03801,28250 Senonches,http://selsenonches.wixsite.com/28250
28 Grain de Sel pays houdanais et drouais,48.80054,1.50171,28410 Bû,http://grain2sel.net
29 SEL Fleur de blé noir,47.99754,-4.09789,29000 Quimper,http://fleurdeblenoir.communityforge.net
29 Sel Elorn Landerneau,48.45082,-4.24843,29800 Landerneau,
29 SEL du pays fouesnantais,47.93688,-4.02147,29170 SAINT EVARZEC,http://seldupaysfouesnantais29.communityforge.net
29 7ème SEL de l'Odet,47.88678,-4.15526,29120 Combrit,
29 Plouga'SEL,48.37405,-4.3691,29470 Plougastel daoulas,http://plougasel.infini.fr
29 Sel des 3 rivières,47.87258,-3.54754,29300 QUIMPERLE,https://www.selquimperle.fr
29 Bigoud'SEL,47.90287,-4.28263,29720 Plonéour-Lanvern,
"29 Sel de Concarneau ""les échangeurs de menhirs""",47.90469,-3.91612,29900 Concarneau,http://seldeconcarneau.jimdo.com/
30 Le Grenier à Sel,43.78344,4.08973,30250 Sommières,https://legrenierasel.seliweb.net/public/fr/index.php
30 SEL de l'Olive,44.02267,3.99792,30140 TORNAC,http://cevennes-transition.fr/sel/
30 Arbre cévénol,44.2601,4.19641,30500 St Ambroix,
30 Nimesel,43.87913,4.37707,30000 Nimes,www.nimesel.fr
31 Sel de Carbonne,43.29481,1.22576,31390 Carbonne,http://seldecarbonne.fr/
31 Les fleurs de pastel,43.35262,1.4775,31190 Auterive,http://www.lesfleursdepastel.net
32 Sel d'Auch,43.60986,0.59167,32550 Pavie,
32 SEL DE MONBLANC EN SAVÈS,43.46363,0.99104,32130 Monblanc,http://sel-monblanc-saves.communityforge.net
32 TourneSEL 32,43.61383,1.08174,32600 L'Isle Jourdain,https://tournesel32.fr/
33 Club TalenSEL,44.80261,-0.58805,33400 Talence,http://www.talensel.org
33 Sel de Leognan,44.60536,-0.54469,33650 CABANAC et VILLAGRAINS,https://seldeleognan.wordpress.com
33 SEL Saint Médard en Jalles,44.89529,-0.7181,33160 Saint-Médard-en-Jalles,http://sel-saint-medard-en-jalles.communityforge.net
33 Sel de la Saye,45.02049,-0.32153,33240 Perissac,http://sel-de-la-saye.jimdo.com
33 SEL Gabare,44.8019,-0.64885,33600 Pessac,http://www.selgabare.fr
33 SEL Rive Douce,44.91013,-0.52105,33530 BASSENS,
33 BègleSEL,44.8024,-0.55414,33130 Bègles,http://beglesel.communityforge.net/
33 SEL du Ciron,44.47955,-0.36615,33730 NOAILLAN,http://selduciron.communityforge.net/
33 SEL ESCALE,44.83913,-0.68679,33700 Merignac,www.sel-escale.fr
33 Sel de la dune,44.56281,-1.19291,33260 La Teste-de-Buch,www.seldeladune.org
33 Fi-SEL,44.6855,-0.36528,33550 Paillet,http://fi-sel.communityforge.net/
33 Grains de sable de Libourne,44.6855,-0.36528,33500 Libourne,https://selibourne.jimdo.com/
33 La Lorrieterie,44.91299,-0.24398,33310 LORMONT,http://lorrieterie.communityforge.net
33 Sel des Jalles,44.91008,-0.63524,33290 Blanquefort,www.leseldesjalles.org
33 SEL de Haute Gironde,45.11203,-0.44406,33920 Civrac de Blaye,http://sel-haute-gironde.jimdo.com
33 SEL de Mios,44.60538,-0.93962,33380 Mios,
34 SEL du Bérange,43.71281,4.00398,34160 SUSSARGUES,https://selduberange.wordpress.com/
34 SELriz,43.60472,3.90117,34000 MONTPELLIER,https://sites.google.com/site/selrizmontpellier/
34 Sel des Hauts Cantons,43.69474,3.16451,34260 Le Bousquet d'Orb,http://seldeshautscantons.free.fr
34 SEL de Juvignac,43.61129,3.81235,34990 Juvignac,http://seldejuvignac.communityforge.net/
34 SEL de Sète et du bassin de Thau,43.40787,3.70082,34200 Sète,http://seldesete-thau.communityforge.net/
34 Le Sel d’Abord,43.38618,2.83278,34360 St Jean de Minervois,
35 Sel de Vilaine,47.65074,-2.08393,35600 Redon,https://seldevilaine.jimdo.com
35 SEL de la vallée du Guyoult,48.54969,-1.75396,35120 Dol de Bretagne,http://sel.de.dol.communityforge.net
35 Liffr'Echange,48.21404,-1.50581,35340 Liffré,http://selliffrechange.jimdo.com/
35 EstunSEL,48.41,-1.75249,35270 Combourg,http://www.estunsel.fr
35 Sel de Mordelles,48.07291,-1.84694,35310 MORDELLES,http://seldemordelles.communityforge.net
35 SEL d'Ille,48.27307,-1.65867,35250 St Médard sur ille,www.seldille.org
35 JacquoSEL,48.07246,-1.72102,35136 SAINT JACQUES DE LA LANDE,www.inter-sel.org
35 SEL du Pays de Cancale,48.67893,-1.86858,35260 Cancale,
35 Sel de Noyal,48.11337,-1.52267,35530 Noyal s/Vilaine,http://www.seldenoyal.fr
36 Unis vers SEL en pays de Bazelle,47.25447,1.65429,36210 Chabris,
37 SEL Touraine,47.39201,0.69384,37000 Tours 60 RUE BERNARD PALISSY,http://www.sel-touraine.fr/ 
37 Sel Enjoué,47.33938,0.66302,37300 Joué les Tours,https://selenjoue.org/
37 Sel Racan Choisille,47.5919,0.90921,37110 Chateau-Renault,http://www.selracan37.fr
37 Sel de Loire,47.39319,0.70451,37000 Tours 1 rue d'Estienne d'Orves,http://seldeloire.org
38 SEL de Beaurepaire,45.33866,5.05197,38270 Beaurepaire,http://seldebeaurepaire.fr
38 Sel du Voironnais,45.29765,5.48271,38210 Tullins,
38 Sel de Vizille,45.07731,5.77241,38220 Vizille,
38 Sel de Villefontaine et ses voisins,45.61353,5.15009,38090 Villefontaine,http://fontaine.communityforge.net/
38 SEL de la Côte Saint André,45.39379,5.26002,38260 La Côte Saint André,http://www.seldelacotesaintandre.fr/
38 Sel de Bourgoin-Jallieu,45.5971,5.27211,38300 Bourgoin-Jallieu,http://Jallieu.communityforge.net
38 Sel au fil de Lambre,45.35531,4.90711,38150 Sonnay,
38 SEL de Fontaine en Isere,45.19155,5.67812,38600 Fontaine,https://seldefontaine.eu/
38 SEL des Lauzes,45.75702,5.29173,38460 Annoisin-Chatelans ,http://seldeslauzes.communityforge.net/ 
38 Sel de Grenoble,45.18942,5.71654,38000 Grenoble,http://www.seldegrenoble.fr
38 Sel de Roussillon,45.37325,4.81117,38150 Roussillon,
38 le Sel de Vienne,45.52558,4.87433,38200 Vienne,https://seldevienne.fr/
39 SEL Edonien,46.67589,5.56029,39000 Lons-le-Saunier,http://seledonien.seliweb.net
39 SEL de la Petite Montagne,46.45034,5.42319,39160 Veria,http://seldelapm.seliweb.net/public/fr/index.php
40 Clair de lune,43.5465,-1.46763,40220 Tarnos,http://selclairdelune.communityforge.net/
40 SEL du GABARDAN,43.98498,0.01111,40310 Gabarret,http://seldugabardan.communityforge.net/
41 Loire et SEL,47.58609,1.33594,41000 Blois,http://loireetselblois.communityforge.net/
41 Sel en Vendomois,47.75601,1.19309,41100 SELOMMES,http://selenvendomois.jimdo.com/
41 le SEL de Mer,47.66785,1.52373,41500 Muides sur Loire,www.le-sel-de-mer.fr
42 SEL de L'Ondaine,45.40582,4.26871,42240 Unieux,http://selondaine.communityforge.net
42 Grains de sel du Roannais,46.02787,4.08778,42120 Le Coteau,www.selduroannais.com
42 SEL des Monts du Lyonnais,45.63715,4.39039,42140 CHAZELLES-Sur-LYON,http://montsdulyonnais.communityforge.net
42 UniVertSEL,45.43723,4.38044,"42000 Saint-Etienne 15, avenue Augustin Dupré",
42 SELOZANGE,45.55451,4.66899,42800 TARTARAS,http://selozange.communityforge.net/
42 SEL du Dorlay,45.42732,4.58581,42740 Doizieux,
42 Sel des 7 collines de Sainté,45.41926,4.42102,42100 Saint Etienne 96 Boulevard de Fraissinette,http://www.sel7collines.fr/
42 Sel de Saint Chamond,45.46531,4.49357,42400 St Chamond,http://sel-saintchamond.communityforge.net/home
42 SEL du Forez,45.60745,4.06333,42600 Montbrison,http://forez.communityforge.net/home
43 Sel Echo du Velay,45.0724,4.04741,43260 Saint-Hostien,http://www.echoduvelay.fr
85 Phaselia,46.99964,-1.51731,85660 ST PHILBERT DE BOUAINE,https://phaselia8544.webnode.fr/
44 Sel du Lac,47.12413,-1.63021,44860 Saint-Aignan-Grandlieu,
44 Le Bign'En Sel,47.09858,-1.49027,44140 Le Bignon,
44 SEL'Titude,47.34705,-1.28413,44521 OUDON,
44 Troc au SEL Chapelain,47.29957,-1.55063,44240 La Chapelle sur Erdre,http://www.troc-au-sel-chapelain.fr
44 Gwenn SEL,47.328,-2.42975,44350 GUERANDE,https://gwennsel.org 
44 Nantes-en-SEL,47.22395,-1.5408,44000 Nantes,http://nantes-en-sel.communityforge.net/
44 Sel St Seb,47.19954,-1.50187,44230 St Sebastien sur Loire,http://selstseb.communityforge.net/
44 Sel du Don,47.62867,-1.83433,44290 Guéméné-Penfao,http://seldudon.communityforge.net/
44 Ancenis SEL,47.36964,-1.19868,44150 Saint Géréon,http://www.ancenisel.fr
44 Sel Sud Estuaire,47.28741,-2.03154,44560 Paimboeuf,
44 SEL de SEM,47.27645,-1.78058,44360 Saint Étienne de Montluc,http://seldesem.communityforge.net
44 Arc en Sel Ligérien,47.38606,-1.03203,44370 LOIREAUXENCE - VARADES,https://arcensel.wordpress.com
44 Arc en Sel,47.41225,-1.96762,44750 Campbon,http://arcenselcampbon.communityforge.net/
44 le SEL du Coin,47.19555,-1.72419,44640 St Jean de Boiseau,http://leselducoin.communityforge.net/
44 SEL Sautronnais,47.27035,-1.67854,44880 Sautron,
45 TigySEL,47.79512,2.19796,45510 Tigy,
45 Grenier à SEL,47.77807,1.63352,45190 Beaugency ,http://beaugen.communityforge.net
45 SEL Abrayliens ,47.91477,1.97544,45800 Saint-Jean de Braye,http://abrayliens.communityforge.net/
45 JESS.sel de Jargeau,47.8666,2.12226,45150 Jargeau,http://www.seldejargeau.sitew.fr
45 Loiret sel,47.69805,2.62475,45500 Gien,www.loiret-sel.fr
45 BOISCO-SEL,48.03728,2.38282,45340 BOISCOMMUN,http://boiscosel.toile-libre.org
46 Sel de Figeac,44.60828,2.03287,46100 Figeac,https://seldefigeac.fr/
46 TrocLot,44.51251,1.26096,46150 Labastide du Vert,
47La Claie d'Echanges,44.38866,0.81958,47140 Penne d'Agenais,https://selvsl47.wixsite.com/laclaiedechanges
47 SEL d'Ici et d'Ailleurs,44.39724,0.80493,47140 St Sylvestre sur Lot,
47 Unis vers Sel de l'Agenais,44.25564,0.62989,47510 Foulayronnes,http://unisverssel.fr
47 SELADONS SYSTEME D ECHANGE LOCAL EN LOT ET GARONNE,44.4082,0.70725,47300 Villeneuve sur Lot,http://seladons47.communityforge.net 
49 Terroir de Loire,47.40023,-0.37174,49320 Blaison-Saint-Sulpice,https://terroirdeloire.wordpress.com
49 Fi'sel,47.04519,-0.88069,49300 Cholet,http://selcholetais.blogspot.fr/
49 Bo'Sel,47.3516,-0.76377,49290 Chalonnes sur Loire,http://lebosel.wixsite.com/bosel
49 SEL Angevin,47.45191,-0.54034,49000 Angers avenue De Lattre de Tassigny,http://selangevin.fr
49 Sel sud saumurois tuffe et faluns,47.19361,-0.27518,49700 Doué la Fontaine,http://tuf.faluns.free.fr/
49 Troglo'SEL,47.22324,0.02818,49730 Turquant,
50 Sel'in,48.8337,-1.56143,50400 Granville 277 rue des vikings,Http://www.sel-in.org
52 SEL SUD 52,47.99675,5.53743,52140 MONTIGNY-LE-ROI ,
53 SEL'Rit,48.06789,-0.76464,53000 LAVAL,http://selrit53.communityforge.net/
54 Système d'Echange Local du Saintois,48.48713,6.08833,54330 Vézelise,
54 SEL'EST DU BASSIN DE POMPEY,48.77387,6.10711,54340 POMPEY,http://selest-bassin-pompey.communityforge.net
55 EtainSEL,49.21758,5.61661,55400 Etain,
56 Unis Vers SEL,47.81655,-2.13311,56910 CARENTOIR,http://unis-vers-sel56.communityforge.net/
56 Loch'SEL,47.84596,-3.26059,56650 Inzinzac-Lochrist,http://lochsel.communityforge.net/
56 Sel'i Guer,47.97064,-2.17035,56380 BEIGNON,http://seliguer.communityforge.net/
56 Troc'SEL de Pontivy,48.06615,-2.96705,56300 Pontivy,http://trocsel.communityforge.net
56 Sel de la RIA d'ETEL,47.65707,-3.20153,56410 Étel,http://seldelaria.fr
56 SEL du pays d'Auray,47.66649,-2.98376,56400 AURAY,
56 SELymen du pays de Questembert,47.6601,-2.45065,56230 Questembert,http://selymen.communityforge.net/
58 Niversel,46.99089,3.16284,58000 Nevers,www.niversel.fr
58 Treuffes au SEL,46.80898,3.83935,58250 LANTY,http://treuffesausel.canalblog.com/
58 Sel de Clamecy,47.40299,3.40027,58210 Courcelles,http://seldeclamecy.free.fr/
59 Sel de l'union,50.69308,3.18456,59100 Roubaix,www.sel-union.echange-local.fr
59 L'Arbre - le SEL de Villeneuve d'Ascq,50.63162,3.15333,59650 VILLENEUVE D'ASCQ ,http://sel-vascq.communityforge.net/
59 QuercySEL,50.24732,3.63666,59530 Le Quesnoy,
59 SEL des Flandres,51.046,2.35792,59140 Dunkerque,
59 SEL de la Haute Deûle,50.52972,2.93155,59112 ANNOEULLIN,http://seldelahautedeule.communityforge.net/
59 Sel en Pévèle,50.52178,3.11557,59710 Pont-a-Marcq,http://www.sel-en-pevele.e-monsite.com
60 Sel Sud Oise,49.21454,2.3572,60460 Precy sur Oise,
61 Sel de la Touques,48.77545,0.34501,61230 Cisai St Aubin,
61 Sel du Perche,48.42944,0.77435,61110 Remalard,
62 Boite à Sel Beaurains,50.2636,2.78792,62217 BEAURAINS,http://boiteaselbeaurains.wixsite.com/boiteasel
62 SEL de l'Aa,50.69732,2.24321,62570 HELFAUT,http://seldelaa.hol.es
63 S.SancyEL,45.57064,2.89561,63790 Chambon-sur-Lac,
63 Sel de Billom,45.72392,3.33897,63160 Billom,
63 Sel de Clermont Ferrand,45.79506,3.11723,63100 Clermont Ferrand,http://seldeclermont.free.fr
63 Sel Issoire,45.54151,3.24812,63500 Issoire,http://selissoire.e-monsite.com/
64 SEL Camin Salier,43.31928,-0.34659,64000 PAU,http://seldepau64.fr/
64 Sel Agora,43.50316,-1.47247,64100 Bayonne,
40 SEL de la Légende,43.62866,-0.83011,40360 Pomarez,
65 SEL du Val d'Adour,43.46846,0.03544,65700 MAUBOURGUET,
65 Sel de Bigorre,43.34761,0.06643,65500 Pujo,
66 Sel des Aspres,42.57924,2.81388,66300 PASSA,http://seldesaspres.blogspot.fr/
66 Sel du Vallespir,42.48595,2.74882,66400 Ceret,
66 Sel du Conflent,42.61771,2.42323,66500 Prades,
66 La Souris Verte,42.6218,2.46128,66500 Los Masos,
67 EvoluSEL,48.78084,7.55956,67270 Bossendorf,https://www.evolusel.seliweb.net/public/fr/index.php
67 SEL duo et du bas,48.7695,7.36035,67700 ST JEAN SAVERNE,https://www.facebook.com/selduoetdubas/
67 RESE Réseau d'Echange de Services Epfigeois,48.34538,7.48559,67680 EPFIG,https://rese.seliweb.net/public/fr/index.php
67 SEL de l'Outre-forêt,48.93889,7.74742,67360 Woerth,http://outre-foret.communityforge.net/
67 SEL de Lipsheim,48.48959,7.66016,67640 Lipsheim,http://sel-lipsheim.org
67 Sel de Strasbourg,48.60198,7.78352,67000 Strasbourg,http://sel-strasbourg.org/seliweb/public/fr/
67 Sel de la Bruche,48.43917,7.23896,67130 Neuwiller-la-roche,http://leseldelabruche.seliweb.net
68 MannaSEL,47.86155,7.21685,68500 HARTMANNSWILLER,www.mannasel.org
68 BretSEL,47.76613,7.26798,68460 Lutterbach,
68 Radisel,47.96076,7.2388,68570 Soultzmatt,http://radisel1.e-monsite.com/
68 Souri'SEL,47.72572,7.33861,68100 Mulhouse 58 rue Dr Léon Mangeney,http://souri.communityforge.net
68 Thann SEL,47.74274,7.30813,68200 MULHOUSE 1 Rue Erckmann Chatrian ,
68 SEL du Sundgau,47.69476,7.29467,68720 Zillisheim,www.seldusundgau.fr
69 Mine de SEL,45.78864,4.61226,69210 St Pierre la Palud,http://minedesel.communityforge.net
69 SEL des grandes Terres,45.70034,4.87769,69200 Venissieux,
69 SEL CALADE,45.99071,4.72835,69400 Villefranche sur saone 34 rue Hoche,
69 Mionsel,45.66296,4.9532,69780 Mions,http://www.mionsel.org
69 SEL des sapins,45.97265,4.33308,69550 AMPLEPUIS,
69 Memo,45.77127,4.88445,69100 Villeurbanne,http://memo.communityforge.net
69 SEL Beaujolais Val de Saône,45.99211,4.73208,69400 Villefranche sur Saone 308 Rue de l'égalité,
69 SEL des Pierres Dorées,45.93964,4.61622,69620 Theizé,http://www.croquausel.fr
69 Neuville en SEL,45.87613,4.84102,69250 Neuville sur Saône,http://www.neuvilleensel.wixsite.com/asso
69 SEL de Corbas,45.67073,4.90477,69960 CORBAS,
69 SEL sans souci,45.67882,4.70264,69510 Soucieu en Jarrest,
70 Sel 70,47.72983,6.04549,70170 Conflandey,
70 SEL Terre de Richesse,47.54224,5.6956,70180 AUTET,http://terrederichesse.communityforge.net/
71 Sel du Tournugeois,46.56181,4.91195,71700 Tournus,http://seldutournugeois.communityforge.net/
71 Sel Clunisois,46.42896,4.66455,71250 Cluny,http://selclunisois.org
71 SEL'essentiel,46.67796,4.27196,71410 SANVIGNES LES MINES,
71 SEL de Charnay-lès-Mâcon,46.30985,4.80045,71750 Charnay-lès-Mâcon,http://seldecharnay.communityforge.net
72 Sel du Maine,48.01578,0.16092,72000 Le Mans,http://seldumaine.fr
72 Sel 72,47.92088,0.74472,72120 St Calais,
73 SEL A Voie,45.67553,6.39272,73200 Albertville,
74 SEL d’Annemasse - Genevois,46.19325,6.23415,74100 Annemasse,http://genevois.communityforge.net/
74 Sel du pays rochois,46.06707,6.31203,74800 La Roche s/Foron,
74 SEL du Haut Giffre,46.1046,6.77062,74340 Samoens,http://selduhautgiffre.communityforge.net
74 Escarcelle 74,45.96093,6.04166,74330 La Balme de Sillingy,
74 Sel du pays de Cruseilles,46.03376,6.10663,74350 Cruseilles,http://www.selpaysdecruseilles.org
75 SEL de Paris,48.86266,2.39887,75020 Paris 18 Rue Ramus ,http://www.seldeparis.org
76 Sel d'Yvetot,49.61777,0.75521,76190 Yvetot,
76 SEL DU HAVRE,49.47699,0.16394,76600 LE HAVRE,http://selduhavre.communityforge.net/
76 Sel de Seine - Rouen,49.41474,1.09154,76300 Sotteville-lès-Rouen,http://seine.communityforge.net/
76 SEL de Caux,49.7556,0.38077,76400 Fecamp,http://caux.communityforge.net
76 Radis'SEL de la région de Valmont,49.74068,0.51743,76540 Valmont,http://radiselvalmont.communityforge.net/
77 SEL de la Gondoire,48.85592,2.73678,77600 Chanteloup en brie,http://www.seldelagondoire.org
77 Fleur de Seine,48.47456,2.69229,77590 Bois-le-Roi,http://selfleurdeseine.communityforge.net
78 EmanSEL,48.59029,1.7304,78125 Emancé,http://www.emansel.fr
78 SEL du Mantois,48.97317,1.7096,78711 Mantes la ville,
78 Association les gens du Partage - SEL de Carrières,48.94779,2.03174,78955 CARRIERES SOUS POISSY,http://lesgensdupartage.org
78 Tous en Sel,48.94754,2.14238,78600 Maisons-Laffitte,http://tousensel.com/
78 Harmonie -SEL,48.8301,2.00526,78450 Villepreux,http://www.harmoniesel.fr/
79 SEL Le Lien,46.97615,-0.2168,79100 Thouars,http://selthouarsais.free.fr
80 Potes en Sel,49.89905,2.27527,80000 Amiens,http://potesensel.communityforge.net/
81 Thoré du Sel,43.507,2.39672,81660 Pont de l'Arn,http://www.thoredusel.com/
81 Gailla'SEL,43.90181,1.8965,81600 GAILLAC,https://gaillac.wixsite.com/gaillasel
46 Sel de Grésigne,44.27812,1.39403,46170 Flaugnac,http://seldegresigne.jimdo.com
82 Echanges en brulhois,44.11065,0.81932,82340 Donzac,
82 SEL de Castel Moissac,44.10485,1.08467,82200 Moissac,http://www.selcastelmoissac.fr
83 Verdon en SEL,43.72607,5.81281,83560 Vinon sur Verdon,www.verdonensel.fr
83 Sel'Avenir 83,43.53772,6.46499,83300 Draguignan,https://sites.google.com/site/selavenir/
84 SEL Rit,43.93233,4.9434,84470 Châteauneuf-de-Gadagne,http://leselrit.jimdo.com/ 
84 Le Beausel,44.05027,5.07027,84200 Carpentras,http://seldessorgues.fr/
84 Sel des Sorgues,43.91419,5.0571,84800 L'Isle sur la Sorgue,seldessorgues.fr
84 SEL'ons-nous Cavaillon,43.8366,5.04078,84300 Cavaillon,http://selonnous.communityforge.net/
Seleil8426,44.32079,4.94548,84820 Visan,
84 Sel en Durance,43.70439,5.6561,84120 MIRABEAU,http://www.selendurance.fr
85 SELid'Her,47.00666,-2.27082,85330 Noirmoutier,www.selidher85.1s.fr
86 Le Chabis,46.58022,0.34037,86000 POITIERS,http://seldepoitiers.communityforge.net
86 SEL de Chatellerault,46.81648,0.54814,86100 CHATELLERAULT,
89 Sel du Sénonais,48.20065,3.28268,89100 Sens,http://senonais.communityforge.net
89 Sel du bocage du gatinais,48.20485,3.01655,89690 Cheroy,
90 Grain de sel 90,47.64376,6.8437,90000 Belfort,http://seldebelfort.blogspot.fr/
91 SEL Val d'Orge,48.63084,2.30919,91240 Saint Michel sur Orge,http://selvaldorge.communityforge.net
91 Sel du pays de Limours,48.71463,2.12633,91190 Gif sur Yvette,https://sel.lespetitsboutons.fr/public/fr/index.php
91 Sel en Seine,48.7094,2.3939,91200 Athis Mons,http://sel.athis.free.fr/
92 Suresnes-en-SEL,48.87128,2.21934,92150 Suresnes,http://suresnesensel.communityforge.net
92 Nan'Terre de Sel,48.89418,2.20711,92000 Nanterre,http://cean.nanterreasso.org/systeme-dechanges-local-sel/
92 SEL d'Asnières sur seine,48.91415,2.28536,92600 ASNIERES,https://www.facebook.com/SEL-dAsnieres-sur-Seine-1116108365082767/
92 SELadons,48.93469,2.32559,92390 Villeneuve la Garenne,http://seladonsvlg.communityforge.net/
93 EPINAY-SUR-SEL,48.95573,2.31473,93800 EPINAY-sur-Seine,
93 Dionys'SEL,48.93155,2.35632,93200 St Denis,www.dionyssel.org
93 Sel Est de Montreuil,48.86381,2.44846,93100 Montreuil,http://sel-est-de-montreuil.org/
94 SEL intercommunal de Noiseau,48.77468,2.55318,94880 Noiseau,http://seldenoiseau.org
94 Sel du Val de Fontenay,48.84666,2.4762,94120 Fontenay sous bois 16 rue du Reverend Père Aubry,http://www.selvf.fr
94 SEL de Villejuif,48.79058,2.35586,94800 Villejuif,http://seldevillejuif.communityforge.net
95 SEL de Cergy Pontoise,49.03201,2.08069,95000 Cergy-pontoise,http://seldecergypontoise.fr/
97 SEL Martinique CENTRE,14.67209,-61.09136,97234 FORT DE FRANCE,http://selmartiniquecentr.wixsite.com/monsite
37 SEL entr'amis,47.38351,0.6486,37520 La Riche,http://selentramis.communityforge.net/
14 FALAI'SEL,48.89354,-0.20195,14700 FALAiSE,http://www.falaisel.org
94 SELavie Fresnes,48.75255,2.31294,94260 FRESNES MJC - 2 avenue du Parc des Sports ,https://selaviefresnes.communityforge.net/
31 SEL VIOLETTE,43.66005,1.43734,31200 TOULOUSE 14 rue André Clarous,http://selviolette.org 
69 SEL CROIX ROUSSE ,45.79645,4.85113,69300 CALUIRE ET CUIRE,www.sel-croixrousse.org
76 SEL de SAINT-SAENS,49.67333,1.28363,76680 SAINT-SAENS,
79 SELARGENTONNAY,46.98483,-0.44458,79150 Argentonnay,http://www.marionnette.info/sel.html
50 Essen'sel,48.68684,-1.36166,50300 Avranches,http://essensel.communityforge.net
56 SEL Férélais,47.48234,-2.34281,56130 FEREL,www.leselferelais.com
75 SEL de Paname,48.83217,2.29541,75015 PARIS rue de la Saida,
75 Arc en Sel Paris,48.86273,2.35429,75003 PARIS rue Beaubourg,
44 SEL Orvault les Rousinettes,47.27434,-1.6194,44700 Orvault,http://selorvaultrousinettes.communityforge.net
43 Pierre de SEL,45.15135,4.03928,43200 St Julien du Pinet,
35 SEL DU PAYS DE FOUGERES,48.34772,-1.19576,35300 Fougeres,https://www.seldupaysdefougeres.ovh/
29 SEL2mers,48.3978,-4.48428,29200 Brest 1 rue Alexandre Ribot,http://sel2mers.communityforge.net/
29 SEL du Leon et des Abers,48.57208,-4.32229,29260 LESNEVEN,
29 Breiz-I-Sel,48.3861,-4.52389,29200 Brest 1 rue des Frères Goncourt ,
42 SEL Vals d'Aix et d'Isable,45.86318,3.95197,42260 GRESOLLES,http://www.selvai.seliweb.net
03 SEL des Gorges de la Sioule,46.1474,3.09182,03450 Vicq,http://selsiouleechange03.wixsite.com/selsioule03
69 SEL des sapins,45.97265,4.33308,69550 Amplepuis,
69 Mine de SEL,45.78864,4.61226,69210 St Pierre la Palud,http://minedesel.communityforge.net
46 Sel des Cabanes,44.3395,1.30764,46800 Lascabanes,
49 SEL Avenir,47.48568,-0.51923,49000 ANGERS Square du petit chaumineau ,http://selavenir49.communityforge.net
80 SEL du pays du coquelicot,50.08391,2.65638,80300 BEAUMONT-HAMEL,
26 RadiSEL,44.75103,5.37053,26150 Die,http://www.radisel.fr
05 Sel à la bonne heure,44.47804,5.78307,05400 CHABESTAN,
23 Carrousel,46.32791,1.90404,23220 BONNAT,https://carrousel23.wordpress.com
35 AtoutSEL,48.11734,-1.70751,35000 RENNES,www.inter-sel.org
59 Sel du Hainaut,50.35399,3.44764,59195 Herin,
71 SEL de Saône,46.78076,4.85394,71100 Chalon sur Saone,
81 SEL les Raisins,43.82118,1.72454,81800 RABASTENS,https://www.facebook.com/people/Sel-Les-Raisins-Rabastens/100015658606728
14 SEL Coeur de Nacre,49.30641,-0.35657,14530 LUC SUR MER,www.seldenacre.org
50 EN SEL Saint Lo,49.11546,-1.08281,50000 Saint Lo,https://enselsaintlo.jimdo.com/
59 SEL SUR LA LYS,50.69165,2.88421,59280 ARMENTIERES,
30 SEL'ECHANGE,43.79497,4.09786,30250 VILLEVIEILLE,http://selechange.seliweb.net/public/fr/
44 Fleur de Sel,47.27349,-2.21384,44600 St Nazaire,http://selsaintnazaire.fr/phpboost/
50 EN SEL Saint Lo,49.11546,-1.08281,50000 Saint Lo,https://enselsaintlo.jimdo.com/
81 Troc Sel,43.60621,2.24129,81100 Castres,
76 SEL'AVIE - Pays Dieppois,49.95763,1.22241,76370 PETIT-CAUX,http://selavie76.communityforge.net
78 etinsel78,48.99966,1.88065,78250 MEZY sur SEINE,http://etinsel78.communityforge.net/
74 SEL D'ANNECY ET DE SA REGION,45.90773,6.10667,74960 CRAN-GEVRIER,http://annecy-sel74.communityforge.net/
46 SEL du Frau,44.55739,1.33693,46150 CATUS,
30 SEL du Piémont,43.99002,4.10736,30350 LEDIGNAN,www.alascledignan.org
44 SEL PHIL,47.03687,-1.6429,44310 Saint-Philbert-de-Grand-Lieu,https://selphil44310.blogspot.com
38 ESPRITDSEL,45.49991,5.4236,38730 DOISSIN,http://espritdsel.communityforge.net/
77 SEL des Ecluses,48.38868,2.80799,77670 Saint Mammès,http://seldesecluses.communityforge.net
76 SEL DE MALAUNAY,49.52633,1.04706,76770 MALAUNAY,http://seldemalaunay.communityforge.net/
14 Esprit de Sel,49.19786,-0.34684,14000 CAEN 15 rue Champlain,http://esprit-de-sel.fr/
32 SEL usate,43.86258,0.10052,32800 EAUZE,https://selusate.communityforge.net/
42 SEL des bords de Loire,45.52643,4.26209,42160 Andrezieux-Boutheon,
28 SEL du drouais,48.72063,1.35585,28500 Vernouillet,http://grain2sel.net
40 SEL des grands lacs,44.39466,-1.16421,40600 Biscarrosse,https://seldesgrandslacs.communityforge.net/
32 LES ÉCOLONOMES LE SEL DE L'ASTARAC,43.51682,0.40363,32300 MIRANDE,
11 Carrou'SEL Conques 11,43.26971,2.40146,11600 Conques sur orbiel,
04 SEL DES 3 RIVIERES,44.19471,5.94319,04200 SISTERON,http://seldes3rivieres.communityforge.net/
71 SEL'essentiel,46.67796,4.27196,71410 SANVIGNES LES MINES,https://selessentiel.communityforge.net/
71 SEL du Maconnais,46.30688,4.82873,71000 MACON ,https://seldumaconnais.communityforge.net/
92 Sel de Châtillon,48.80454,2.28692,92320 CHATILLON,
13 MARSEL,43.31747,5.35993,13002 MARSEILLE,https://marsel.communityforge.net/
77 SEL de Nemours,48.26704,2.69261,77140 Nemours,
77 SEL de Thomery,48.4027,2.78266,77810 THOMERY,http://seldethomery.communityforge.net/
85 Sel de la Vallée de la Vie,46.67051,-1.42644,85000 LA ROCHE SUR YON,
